	SubjectID1	SubjectID2	Group1	Group2	Distance
0	Jemma_6	HARLEY_FARMS_new2b	No	No	0.8899082568807339
1	Jemma_7	HARLEY_FARMS_new2b	No	No	0.8415584415584415
2	Jemma_7	Jemma_6	No	No	0.7548387096774194
3	Jemma_9	HARLEY_FARMS_new2b	No	No	0.8701298701298701
4	Jemma_9	Jemma_6	No	No	0.7416107382550335
5	Jemma_9	Jemma_7	No	No	0.6626984126984127
6	Lardon_Chase_The_Holies_motorcycle	HARLEY_FARMS_new2b	No	No	0.9039408866995073
7	Lardon_Chase_The_Holies_motorcycle	Jemma_6	No	No	0.796875
8	Lardon_Chase_The_Holies_motorcycle	Jemma_7	No	No	0.8156996587030717
9	Lardon_Chase_The_Holies_motorcycle	Jemma_9	No	No	0.8
10	NorringtonMannorFm_1	HARLEY_FARMS_new2b	No	No	0.850597609561753
11	NorringtonMannorFm_1	Jemma_6	No	No	0.7948717948717948
12	NorringtonMannorFm_1	Jemma_7	No	No	0.7054054054054054
13	NorringtonMannorFm_1	Jemma_9	No	No	0.7213114754098361
14	NorringtonMannorFm_1	Lardon_Chase_The_Holies_motorcycle	No	No	0.861904761904762
15	NorringtonMannorFm_2	HARLEY_FARMS_new2b	No	No	0.89375
16	NorringtonMannorFm_2	Jemma_6	No	No	0.8075949367088607
17	NorringtonMannorFm_2	Jemma_7	No	No	0.7938718662952646
18	NorringtonMannorFm_2	Jemma_9	No	No	0.7514792899408284
19	NorringtonMannorFm_2	Lardon_Chase_The_Holies_motorcycle	No	No	0.8355795148247979
20	NorringtonMannorFm_2	NorringtonMannorFm_1	No	No	0.7604395604395604
21	RSPB_Mainline	HARLEY_FARMS_new2b	No	No	0.8111111111111111
22	RSPB_Mainline	Jemma_6	No	No	0.7851662404092071
23	RSPB_Mainline	Jemma_7	No	No	0.7259475218658892
24	RSPB_Mainline	Jemma_9	No	No	0.8
25	RSPB_Mainline	Lardon_Chase_The_Holies_motorcycle	No	No	0.843501326259947
26	RSPB_Mainline	NorringtonMannorFm_1	No	No	0.7516483516483516
27	RSPB_Mainline	NorringtonMannorFm_2	No	No	0.8082191780821918
28	RSPB_churchil	HARLEY_FARMS_new2b	No	No	0.8555045871559633
29	RSPB_churchil	Jemma_6	No	No	0.7238372093023255
30	RSPB_churchil	Jemma_7	No	No	0.7585139318885449
31	RSPB_churchil	Jemma_9	No	No	0.78125
32	RSPB_churchil	Lardon_Chase_The_Holies_motorcycle	No	No	0.7878787878787878
33	RSPB_churchil	NorringtonMannorFm_1	No	No	0.7770114942528735
34	RSPB_churchil	NorringtonMannorFm_2	No	No	0.7910447761194029
35	RSPB_churchil	RSPB_Mainline	No	No	0.6827956989247311
36	RSPB_junction	HARLEY_FARMS_new2b	No	No	0.8649885583524027
37	RSPB_junction	Jemma_6	No	No	0.7398843930635838
38	RSPB_junction	Jemma_7	No	No	0.7243589743589743
39	RSPB_junction	Jemma_9	No	No	0.7227722772277227
40	RSPB_junction	Lardon_Chase_The_Holies_motorcycle	No	No	0.8042168674698795
41	RSPB_junction	NorringtonMannorFm_1	No	No	0.7344497607655502
42	RSPB_junction	NorringtonMannorFm_2	No	No	0.712
43	RSPB_junction	RSPB_Mainline	No	No	0.6584022038567493
44	RSPB_junction	RSPB_churchil	No	No	0.6456456456456456
45	Stonehenge_2005	HARLEY_FARMS_new2b	No	No	0.8566037735849057
46	Stonehenge_2005	Jemma_6	No	No	0.759090909090909
47	Stonehenge_2005	Jemma_7	No	No	0.7639902676399026
48	Stonehenge_2005	Jemma_9	No	No	0.7728395061728395
49	Stonehenge_2005	Lardon_Chase_The_Holies_motorcycle	No	No	0.8209302325581396
50	Stonehenge_2005	NorringtonMannorFm_1	No	No	0.7495107632093934
51	Stonehenge_2005	NorringtonMannorFm_2	No	No	0.7823408624229979
52	Stonehenge_2005	RSPB_Mainline	No	No	0.7431578947368421
53	Stonehenge_2005	RSPB_churchil	No	No	0.7278911564625851
54	Stonehenge_2005	RSPB_junction	No	No	0.6962616822429907
55	Stonehenge_2009	HARLEY_FARMS_new2b	No	No	0.8737201365187713
56	Stonehenge_2009	Jemma_6	No	No	0.8118811881188119
57	Stonehenge_2009	Jemma_7	No	No	0.7702407002188184
58	Stonehenge_2009	Jemma_9	No	No	0.8150537634408602
59	Stonehenge_2009	Lardon_Chase_The_Holies_motorcycle	No	No	0.8480492813141683
60	Stonehenge_2009	NorringtonMannorFm_1	No	No	0.7647058823529411
61	Stonehenge_2009	NorringtonMannorFm_2	No	No	0.7838345864661654
62	Stonehenge_2009	RSPB_Mainline	No	No	0.726027397260274
63	Stonehenge_2009	RSPB_churchil	No	No	0.7550607287449392
64	Stonehenge_2009	RSPB_junction	No	No	0.7088607594936709
65	Stonehenge_2009	Stonehenge_2005	No	No	0.6168582375478927
66	Stratton_Wood	HARLEY_FARMS_new2b	No	No	0.8537170263788969
67	Stratton_Wood	Jemma_6	No	No	0.7884057971014493
68	Stratton_Wood	Jemma_7	No	No	0.7936507936507936
69	Stratton_Wood	Jemma_9	No	No	0.7658862876254181
70	Stratton_Wood	Lardon_Chase_The_Holies_motorcycle	No	No	0.8119122257053292
71	Stratton_Wood	NorringtonMannorFm_1	No	No	0.8116279069767441
72	Stratton_Wood	NorringtonMannorFm_2	No	No	0.7698412698412699
73	Stratton_Wood	RSPB_Mainline	No	No	0.7974358974358975
74	Stratton_Wood	RSPB_churchil	No	No	0.7768361581920904
75	Stratton_Wood	RSPB_junction	No	No	0.7536231884057971
76	Stratton_Wood	Stonehenge_2005	No	No	0.7865168539325843
77	Stratton_Wood	Stonehenge_2009	No	No	0.8143712574850299
78	TARGET_MartinDown	HARLEY_FARMS_new2b	No	No	0.9125874125874126
79	TARGET_MartinDown	Jemma_6	No	No	0.8958742632612967
80	TARGET_MartinDown	Jemma_7	No	No	0.8921775898520085
81	TARGET_MartinDown	Jemma_9	No	No	0.8340909090909091
82	TARGET_MartinDown	Lardon_Chase_The_Holies_motorcycle	No	No	0.8728448275862069
83	TARGET_MartinDown	NorringtonMannorFm_1	No	No	0.8648180242634316
84	TARGET_MartinDown	NorringtonMannorFm_2	No	No	0.8333333333333334
85	TARGET_MartinDown	RSPB_Mainline	No	No	0.891500904159132
86	TARGET_MartinDown	RSPB_churchil	No	No	0.8882466281310212
87	TARGET_MartinDown	RSPB_junction	No	No	0.852
88	TARGET_MartinDown	Stonehenge_2005	No	No	0.8731466227347611
89	TARGET_MartinDown	Stonehenge_2009	No	No	0.878419452887538
90	TARGET_MartinDown	Stratton_Wood	No	No	0.860655737704918
91	TARGET_ParsonageDown	HARLEY_FARMS_new2b	No	No	0.9129082426127527
92	TARGET_ParsonageDown	Jemma_6	No	No	0.8690265486725663
93	TARGET_ParsonageDown	Jemma_7	No	No	0.8530534351145038
94	TARGET_ParsonageDown	Jemma_9	No	No	0.8223552894211577
95	TARGET_ParsonageDown	Lardon_Chase_The_Holies_motorcycle	No	No	0.8571428571428571
96	TARGET_ParsonageDown	NorringtonMannorFm_1	No	No	0.821256038647343
97	TARGET_ParsonageDown	NorringtonMannorFm_2	No	No	0.8293515358361775
98	TARGET_ParsonageDown	RSPB_Mainline	No	No	0.8725490196078431
99	TARGET_ParsonageDown	RSPB_churchil	No	No	0.8685121107266436
100	TARGET_ParsonageDown	RSPB_junction	No	No	0.8249097472924187
101	TARGET_ParsonageDown	Stonehenge_2005	No	No	0.7939778129952456
102	TARGET_ParsonageDown	Stonehenge_2009	No	No	0.8136826783114993
103	TARGET_ParsonageDown	Stratton_Wood	No	No	0.8532608695652174
104	TARGET_ParsonageDown	TARGET_MartinDown	No	No	0.7821316614420063
105	ThropeManor_3	HARLEY_FARMS_new2b	No	No	0.8768267223382046
106	ThropeManor_3	Jemma_6	No	No	0.7616580310880829
107	ThropeManor_3	Jemma_7	No	No	0.770949720670391
108	ThropeManor_3	Jemma_9	No	No	0.7382352941176471
109	ThropeManor_3	Lardon_Chase_The_Holies_motorcycle	No	No	0.8135135135135135
110	ThropeManor_3	NorringtonMannorFm_1	No	No	0.7339246119733924
111	ThropeManor_3	NorringtonMannorFm_2	No	No	0.7676056338028169
112	ThropeManor_3	RSPB_Mainline	No	No	0.764018691588785
113	ThropeManor_3	RSPB_churchil	No	No	0.7675
114	ThropeManor_3	RSPB_junction	No	No	0.6756756756756757
115	ThropeManor_3	Stonehenge_2005	No	No	0.7421383647798742
116	ThropeManor_3	Stonehenge_2009	No	No	0.7471264367816092
117	ThropeManor_3	Stratton_Wood	No	No	0.7578947368421053
118	ThropeManor_3	TARGET_MartinDown	No	No	0.8550185873605948
119	ThropeManor_3	TARGET_ParsonageDown	No	No	0.8254237288135593
120	TownsendFarm_1	HARLEY_FARMS_new2b	No	No	0.8631178707224335
121	TownsendFarm_1	Jemma_6	No	No	0.7855530474040632
122	TownsendFarm_1	Jemma_7	No	No	0.7146529562982005
123	TownsendFarm_1	Jemma_9	No	No	0.7097625329815304
124	TownsendFarm_1	Lardon_Chase_The_Holies_motorcycle	No	No	0.8313817330210773
125	TownsendFarm_1	NorringtonMannorFm_1	No	No	0.6881496881496881
126	TownsendFarm_1	NorringtonMannorFm_2	No	No	0.7888198757763976
127	TownsendFarm_1	RSPB_Mainline	No	No	0.7729166666666667
128	TownsendFarm_1	RSPB_churchil	No	No	0.7952069716775599
129	TownsendFarm_1	RSPB_junction	No	No	0.7385321100917431
130	TownsendFarm_1	Stonehenge_2005	No	No	0.7404580152671756
131	TownsendFarm_1	Stonehenge_2009	No	No	0.7625649913344887
132	TownsendFarm_1	Stratton_Wood	No	No	0.7990970654627539
133	TownsendFarm_1	TARGET_MartinDown	No	No	0.8404802744425386
134	TownsendFarm_1	TARGET_ParsonageDown	No	No	0.7675941080196399
135	TownsendFarm_1	ThropeManor_3	No	No	0.6873614190687362
136	TownsendFarm_2	HARLEY_FARMS_new2b	No	No	0.8991097922848664
137	TownsendFarm_2	Jemma_6	No	No	0.7945736434108527
138	TownsendFarm_2	Jemma_7	No	No	0.8026315789473685
139	TownsendFarm_2	Jemma_9	No	No	0.8251121076233184
140	TownsendFarm_2	Lardon_Chase_The_Holies_motorcycle	No	No	0.847457627118644
141	TownsendFarm_2	NorringtonMannorFm_1	No	No	0.8522727272727273
142	TownsendFarm_2	NorringtonMannorFm_2	No	No	0.8881987577639752
143	TownsendFarm_2	RSPB_Mainline	No	No	0.8652037617554859
144	TownsendFarm_2	RSPB_churchil	No	No	0.8398576512455516
145	TownsendFarm_2	RSPB_junction	No	No	0.8297101449275363
146	TownsendFarm_2	Stonehenge_2005	No	No	0.863517060367454
147	TownsendFarm_2	Stonehenge_2009	No	No	0.8981900452488688
148	TownsendFarm_2	Stratton_Wood	No	No	0.8132295719844358
149	TownsendFarm_2	TARGET_MartinDown	No	No	0.9410377358490566
150	TownsendFarm_2	TARGET_ParsonageDown	No	No	0.9041666666666667
151	TownsendFarm_2	ThropeManor_3	No	No	0.8263665594855305
152	TownsendFarm_2	TownsendFarm_1	No	No	0.845108695652174
153	TownsendFarm_3_big	HARLEY_FARMS_new2b	No	No	0.8650306748466258
154	TownsendFarm_3_big	Jemma_6	No	No	0.8072289156626506
155	TownsendFarm_3_big	Jemma_7	No	No	0.7340720221606648
156	TownsendFarm_3_big	Jemma_9	No	No	0.7365439093484419
157	TownsendFarm_3_big	Lardon_Chase_The_Holies_motorcycle	No	No	0.8396946564885496
158	TownsendFarm_3_big	NorringtonMannorFm_1	No	No	0.7019867549668874
159	TownsendFarm_3_big	NorringtonMannorFm_2	No	No	0.7737556561085973
160	TownsendFarm_3_big	RSPB_Mainline	No	No	0.7920353982300885
161	TownsendFarm_3_big	RSPB_churchil	No	No	0.8
162	TownsendFarm_3_big	RSPB_junction	No	No	0.7229219143576826
163	TownsendFarm_3_big	Stonehenge_2005	No	No	0.7330595482546202
164	TownsendFarm_3_big	Stonehenge_2009	No	No	0.7551020408163265
165	TownsendFarm_3_big	Stratton_Wood	No	No	0.7805486284289277
166	TownsendFarm_3_big	TARGET_MartinDown	No	No	0.8511796733212341
167	TownsendFarm_3_big	TARGET_ParsonageDown	No	No	0.7477954144620811
168	TownsendFarm_3_big	ThropeManor_3	No	No	0.6959619952494062
169	TownsendFarm_3_big	TownsendFarm_1	No	No	0.5902777777777778
170	TownsendFarm_3_big	TownsendFarm_2	No	No	0.8459214501510574
171	Watlington_natural_reversion	HARLEY_FARMS_new2b	No	No	0.9368231046931408
172	Watlington_natural_reversion	Jemma_6	No	No	0.8863157894736842
173	Watlington_natural_reversion	Jemma_7	No	No	0.901565995525727
174	Watlington_natural_reversion	Jemma_9	No	No	0.8652482269503546
175	Watlington_natural_reversion	Lardon_Chase_The_Holies_motorcycle	No	No	0.8657407407407407
176	Watlington_natural_reversion	NorringtonMannorFm_1	No	No	0.9049295774647887
177	Watlington_natural_reversion	NorringtonMannorFm_2	No	No	0.8244897959183674
178	Watlington_natural_reversion	RSPB_Mainline	No	No	0.9077212806026366
179	Watlington_natural_reversion	RSPB_churchil	No	No	0.8852459016393442
180	Watlington_natural_reversion	RSPB_junction	No	No	0.8658280922431866
181	Watlington_natural_reversion	Stonehenge_2005	No	No	0.8717504332755632
182	Watlington_natural_reversion	Stonehenge_2009	No	No	0.8701923076923077
183	Watlington_natural_reversion	Stratton_Wood	No	No	0.8555798687089715
184	Watlington_natural_reversion	TARGET_MartinDown	No	No	0.8257042253521126
185	Watlington_natural_reversion	TARGET_ParsonageDown	No	No	0.8
186	Watlington_natural_reversion	ThropeManor_3	No	No	0.8809980806142035
187	Watlington_natural_reversion	TownsendFarm_1	No	No	0.8797909407665505
188	Watlington_natural_reversion	TownsendFarm_2	No	No	0.9278350515463918
189	Watlington_natural_reversion	TownsendFarm_3_big	No	No	0.8636363636363636
190	WestEndFarm	HARLEY_FARMS_new2b	No	No	0.8553054662379421
191	WestEndFarm	Jemma_6	No	No	0.8615384615384616
192	WestEndFarm	Jemma_7	No	No	0.7536231884057971
193	WestEndFarm	Jemma_9	No	No	0.8181818181818182
194	WestEndFarm	Lardon_Chase_The_Holies_motorcycle	No	No	0.8728070175438597
195	WestEndFarm	NorringtonMannorFm_1	No	No	0.8658892128279884
196	WestEndFarm	NorringtonMannorFm_2	No	No	0.9076433121019108
197	WestEndFarm	RSPB_Mainline	No	No	0.8277027027027027
198	WestEndFarm	RSPB_churchil	No	No	0.864963503649635
199	WestEndFarm	RSPB_junction	No	No	0.8634686346863468
200	WestEndFarm	Stonehenge_2005	No	No	0.8882978723404256
201	WestEndFarm	Stonehenge_2009	No	No	0.9023255813953488
202	WestEndFarm	Stratton_Wood	No	No	0.8888888888888888
203	WestEndFarm	TARGET_MartinDown	No	No	0.928395061728395
204	WestEndFarm	TARGET_ParsonageDown	No	No	0.9242105263157895
205	WestEndFarm	ThropeManor_3	No	No	0.8958990536277602
206	WestEndFarm	TownsendFarm_1	No	No	0.8797814207650273
207	WestEndFarm	TownsendFarm_2	No	No	0.85625
208	WestEndFarm	TownsendFarm_3_big	No	No	0.8810975609756098
209	WestEndFarm	Watlington_natural_reversion	No	No	0.9335106382978723
210	Whitelands_2018_19	HARLEY_FARMS_new2b	No	No	0.8514851485148515
211	Whitelands_2018_19	Jemma_6	No	No	0.8181818181818182
212	Whitelands_2018_19	Jemma_7	No	No	0.7889447236180904
213	Whitelands_2018_19	Jemma_9	No	No	0.8512195121951219
214	Whitelands_2018_19	Lardon_Chase_The_Holies_motorcycle	No	No	0.8655660377358491
215	Whitelands_2018_19	NorringtonMannorFm_1	No	No	0.8279158699808795
216	Whitelands_2018_19	NorringtonMannorFm_2	No	No	0.8727634194831014
217	Whitelands_2018_19	RSPB_Mainline	No	No	0.739514348785872
218	Whitelands_2018_19	RSPB_churchil	No	No	0.7729357798165137
219	Whitelands_2018_19	RSPB_junction	No	No	0.7909090909090909
220	Whitelands_2018_19	Stonehenge_2005	No	No	0.8133086876155268
221	Whitelands_2018_19	Stonehenge_2009	No	No	0.8082191780821918
222	Whitelands_2018_19	Stratton_Wood	No	No	0.8344671201814059
223	Whitelands_2018_19	TARGET_MartinDown	No	No	0.9177631578947368
224	Whitelands_2018_19	TARGET_ParsonageDown	No	No	0.8846737481031867
225	Whitelands_2018_19	ThropeManor_3	No	No	0.8189300411522634
226	Whitelands_2018_19	TownsendFarm_1	No	No	0.8280961182994455
227	Whitelands_2018_19	TownsendFarm_2	No	No	0.8631284916201117
228	Whitelands_2018_19	TownsendFarm_3_big	No	No	0.8366141732283464
229	Whitelands_2018_19	Watlington_natural_reversion	No	No	0.9334470989761092
230	Whitelands_2018_19	WestEndFarm	No	No	0.8767908309455588
231	HARLEY_FARMS_new2b	Baltic_farm_2	No	Yes	0.928125
232	HARLEY_FARMS_new2b	BigleyFm_1	No	Yes	0.8793969849246231
233	HARLEY_FARMS_new2b	BigleyFm_2	No	Yes	0.8665207877461707
234	HARLEY_FARMS_new2b	ChurchFarm	No	Yes	0.8240963855421687
235	HARLEY_FARMS_new2b	DRUIDS	No	Yes	0.8192219679633868
236	HARLEY_FARMS_new2b	HARLEY_FARMS_Chittern	No	Yes	0.8700657894736842
237	HARLEY_FARMS_new2b	HARLEY_FARMS_New1	No	Yes	0.7202643171806168
238	HARLEY_FARMS_new2b	HomeFarm_WoodlandTrust_Hampshire_good_1c	No	Yes	0.8776041666666666
239	HARLEY_FARMS_new2b	HorntonHouseFarm_1_parallel	No	Yes	0.8611898016997167
240	HARLEY_FARMS_new2b	Jemma_1	No	Yes	0.8705035971223022
241	HARLEY_FARMS_new2b	Jemma_2	No	Yes	0.8362282878411911
242	HARLEY_FARMS_new2b	Knepp_Pond_field	No	Yes	0.9350104821802935
243	HARLEY_FARMS_new2b	MannorFmAltonBarnes	No	Yes	0.8974358974358975
244	HARLEY_FARMS_new2b	Parsonage_down_reversion	No	Yes	0.9099616858237548
245	HARLEY_FARMS_new2b	Stonehenge_2000_2017a	No	Yes	0.8690702087286527
246	HARLEY_FARMS_new2b	Stonehenge_2002_2017	No	Yes	0.8799171842650103
247	HARLEY_FARMS_new2b	Stonehenge_2007_2016	No	Yes	0.8536585365853658
248	HARLEY_FARMS_new2b	Stonehenge_2010	No	Yes	0.8635514018691589
249	HARLEY_FARMS_new2b	Stonehenge_2011	No	Yes	0.8659966499162479
250	HARLEY_FARMS_new2b	StowellFarms_1_adj	No	Yes	0.9300518134715026
251	HARLEY_FARMS_new2b	WINDMILL_farm	No	Yes	0.8341793570219966
252	Jemma_6	Baltic_farm_2	No	Yes	0.854251012145749
253	Jemma_6	BigleyFm_1	No	Yes	0.8159509202453987
254	Jemma_6	BigleyFm_2	No	Yes	0.8103896103896104
255	Jemma_6	ChurchFarm	No	Yes	0.7840909090909091
256	Jemma_6	DRUIDS	No	Yes	0.8367346938775511
257	Jemma_6	HARLEY_FARMS_Chittern	No	Yes	0.7825242718446602
258	Jemma_6	HARLEY_FARMS_New1	No	Yes	0.8698481561822126
259	Jemma_6	HomeFarm_WoodlandTrust_Hampshire_good_1c	No	Yes	0.930835734870317
260	Jemma_6	HorntonHouseFarm_1_parallel	No	Yes	0.7785714285714286
261	Jemma_6	Jemma_1	No	Yes	0.7583081570996979
262	Jemma_6	Jemma_2	No	Yes	0.7097791798107256
263	Jemma_6	Knepp_Pond_field	No	Yes	0.9605568445475638
264	Jemma_6	MannorFmAltonBarnes	No	Yes	0.8727735368956743
265	Jemma_6	Parsonage_down_reversion	No	Yes	0.8271889400921659
266	Jemma_6	Stonehenge_2000_2017a	No	Yes	0.7845804988662132
267	Jemma_6	Stonehenge_2002_2017	No	Yes	0.7884130982367759
268	Jemma_6	Stonehenge_2007_2016	No	Yes	0.7884615384615384
269	Jemma_6	Stonehenge_2010	No	Yes	0.8138528138528138
270	Jemma_6	Stonehenge_2011	No	Yes	0.8202676864244742
271	Jemma_6	StowellFarms_1_adj	No	Yes	0.9648093841642229
272	Jemma_6	WINDMILL_farm	No	Yes	0.8767857142857143
273	Jemma_7	Baltic_farm_2	No	Yes	0.7931034482758621
274	Jemma_7	BigleyFm_1	No	Yes	0.7958477508650519
275	Jemma_7	BigleyFm_2	No	Yes	0.7537091988130564
276	Jemma_7	ChurchFarm	No	Yes	0.7459807073954984
277	Jemma_7	DRUIDS	No	Yes	0.7988505747126436
278	Jemma_7	HARLEY_FARMS_Chittern	No	Yes	0.7729166666666667
279	Jemma_7	HARLEY_FARMS_New1	No	Yes	0.8219512195121951
280	Jemma_7	HomeFarm_WoodlandTrust_Hampshire_good_1c	No	Yes	0.9223300970873787
281	Jemma_7	HorntonHouseFarm_1_parallel	No	Yes	0.7280334728033473
282	Jemma_7	Jemma_1	No	Yes	0.7226027397260274
283	Jemma_7	Jemma_2	No	Yes	0.6797153024911032
284	Jemma_7	Knepp_Pond_field	No	Yes	0.9460154241645244
285	Jemma_7	MannorFmAltonBarnes	No	Yes	0.8632707774798928
286	Jemma_7	Parsonage_down_reversion	No	Yes	0.8312655086848635
287	Jemma_7	Stonehenge_2000_2017a	No	Yes	0.7912621359223301
288	Jemma_7	Stonehenge_2002_2017	No	Yes	0.748587570621469
289	Jemma_7	Stonehenge_2007_2016	No	Yes	0.7540106951871658
290	Jemma_7	Stonehenge_2010	No	Yes	0.7344913151364765
291	Jemma_7	Stonehenge_2011	No	Yes	0.7358078602620087
292	Jemma_7	StowellFarms_1_adj	No	Yes	0.9358108108108109
293	Jemma_7	WINDMILL_farm	No	Yes	0.861271676300578
294	Jemma_9	Baltic_farm_2	No	Yes	0.7875647668393783
295	Jemma_9	BigleyFm_1	No	Yes	0.7088122605363985
296	Jemma_9	BigleyFm_2	No	Yes	0.7376543209876543
297	Jemma_9	ChurchFarm	No	Yes	0.7891373801916933
298	Jemma_9	DRUIDS	No	Yes	0.8202898550724638
299	Jemma_9	HARLEY_FARMS_Chittern	No	Yes	0.8252032520325203
300	Jemma_9	HARLEY_FARMS_New1	No	Yes	0.8761904761904762
301	Jemma_9	HomeFarm_WoodlandTrust_Hampshire_good_1c	No	Yes	0.8972602739726028
302	Jemma_9	HorntonHouseFarm_1_parallel	No	Yes	0.7942386831275721
303	Jemma_9	Jemma_1	No	Yes	0.6691176470588235
304	Jemma_9	Jemma_2	No	Yes	0.7096774193548387
305	Jemma_9	Knepp_Pond_field	No	Yes	0.9472295514511874
306	Jemma_9	MannorFmAltonBarnes	No	Yes	0.9044502617801047
307	Jemma_9	Parsonage_down_reversion	No	Yes	0.8113695090439277
308	Jemma_9	Stonehenge_2000_2017a	No	Yes	0.7855361596009975
309	Jemma_9	Stonehenge_2002_2017	No	Yes	0.8066298342541437
310	Jemma_9	Stonehenge_2007_2016	No	Yes	0.7635869565217391
311	Jemma_9	Stonehenge_2010	No	Yes	0.7679012345679013
312	Jemma_9	Stonehenge_2011	No	Yes	0.8092243186582809
313	Jemma_9	StowellFarms_1_adj	No	Yes	0.9407665505226481
314	Jemma_9	WINDMILL_farm	No	Yes	0.8627450980392157
315	Lardon_Chase_The_Holies_motorcycle	Baltic_farm_2	No	Yes	0.8651162790697674
316	Lardon_Chase_The_Holies_motorcycle	BigleyFm_1	No	Yes	0.8197278911564626
317	Lardon_Chase_The_Holies_motorcycle	BigleyFm_2	No	Yes	0.8425414364640884
318	Lardon_Chase_The_Holies_motorcycle	ChurchFarm	No	Yes	0.849112426035503
319	Lardon_Chase_The_Holies_motorcycle	DRUIDS	No	Yes	0.835195530726257
320	Lardon_Chase_The_Holies_motorcycle	HARLEY_FARMS_Chittern	No	Yes	0.84251968503937
321	Lardon_Chase_The_Holies_motorcycle	HARLEY_FARMS_New1	No	Yes	0.8842592592592593
322	Lardon_Chase_The_Holies_motorcycle	HomeFarm_WoodlandTrust_Hampshire_good_1c	No	Yes	0.932475884244373
323	Lardon_Chase_The_Holies_motorcycle	HorntonHouseFarm_1_parallel	No	Yes	0.81640625
324	Lardon_Chase_The_Holies_motorcycle	Jemma_1	No	Yes	0.8152866242038217
325	Lardon_Chase_The_Holies_motorcycle	Jemma_2	No	Yes	0.7947882736156352
326	Lardon_Chase_The_Holies_motorcycle	Knepp_Pond_field	No	Yes	0.9485861182519281
327	Lardon_Chase_The_Holies_motorcycle	MannorFmAltonBarnes	No	Yes	0.9182630906768838
328	Lardon_Chase_The_Holies_motorcycle	Parsonage_down_reversion	No	Yes	0.810126582278481
329	Lardon_Chase_The_Holies_motorcycle	Stonehenge_2000_2017a	No	Yes	0.8194774346793349
330	Lardon_Chase_The_Holies_motorcycle	Stonehenge_2002_2017	No	Yes	0.8086253369272237
331	Lardon_Chase_The_Holies_motorcycle	Stonehenge_2007_2016	No	Yes	0.8287153652392947
332	Lardon_Chase_The_Holies_motorcycle	Stonehenge_2010	No	Yes	0.8587443946188341
333	Lardon_Chase_The_Holies_motorcycle	Stonehenge_2011	No	Yes	0.8644400785854617
334	Lardon_Chase_The_Holies_motorcycle	StowellFarms_1_adj	No	Yes	0.9391891891891891
335	Lardon_Chase_The_Holies_motorcycle	WINDMILL_farm	No	Yes	0.8867924528301887
336	NorringtonMannorFm_1	Baltic_farm_2	No	Yes	0.8640483383685801
337	NorringtonMannorFm_1	BigleyFm_1	No	Yes	0.7686375321336761
338	NorringtonMannorFm_1	BigleyFm_2	No	Yes	0.672289156626506
339	NorringtonMannorFm_1	ChurchFarm	No	Yes	0.7855477855477856
340	NorringtonMannorFm_1	DRUIDS	No	Yes	0.7465753424657534
341	NorringtonMannorFm_1	HARLEY_FARMS_Chittern	No	Yes	0.7456445993031359
342	NorringtonMannorFm_1	HARLEY_FARMS_New1	No	Yes	0.8371212121212122
343	NorringtonMannorFm_1	HomeFarm_WoodlandTrust_Hampshire_good_1c	No	Yes	0.9209302325581395
344	NorringtonMannorFm_1	HorntonHouseFarm_1_parallel	No	Yes	0.804945054945055
345	NorringtonMannorFm_1	Jemma_1	No	Yes	0.7272727272727273
346	NorringtonMannorFm_1	Jemma_2	No	Yes	0.7418546365914787
347	NorringtonMannorFm_1	Knepp_Pond_field	No	Yes	0.9350393700787402
348	NorringtonMannorFm_1	MannorFmAltonBarnes	No	Yes	0.8549707602339182
349	NorringtonMannorFm_1	Parsonage_down_reversion	No	Yes	0.8196078431372549
350	NorringtonMannorFm_1	Stonehenge_2000_2017a	No	Yes	0.7666666666666667
351	NorringtonMannorFm_1	Stonehenge_2002_2017	No	Yes	0.7735042735042735
352	NorringtonMannorFm_1	Stonehenge_2007_2016	No	Yes	0.7457983193277311
353	NorringtonMannorFm_1	Stonehenge_2010	No	Yes	0.720558882235529
354	NorringtonMannorFm_1	Stonehenge_2011	No	Yes	0.7758620689655172
355	NorringtonMannorFm_1	StowellFarms_1_adj	No	Yes	0.9380952380952381
356	NorringtonMannorFm_1	WINDMILL_farm	No	Yes	0.802653399668325
357	NorringtonMannorFm_2	Baltic_farm_2	No	Yes	0.8888888888888888
358	NorringtonMannorFm_2	BigleyFm_1	No	Yes	0.7593123209169055
359	NorringtonMannorFm_2	BigleyFm_2	No	Yes	0.7889688249400479
360	NorringtonMannorFm_2	ChurchFarm	No	Yes	0.8498789346246973
361	NorringtonMannorFm_2	DRUIDS	No	Yes	0.8052256532066508
362	NorringtonMannorFm_2	HARLEY_FARMS_Chittern	No	Yes	0.8133802816901409
363	NorringtonMannorFm_2	HARLEY_FARMS_New1	No	Yes	0.8862745098039215
364	NorringtonMannorFm_2	HomeFarm_WoodlandTrust_Hampshire_good_1c	No	Yes	0.9282051282051282
365	NorringtonMannorFm_2	HorntonHouseFarm_1_parallel	No	Yes	0.8658892128279884
366	NorringtonMannorFm_2	Jemma_1	No	Yes	0.7554347826086957
367	NorringtonMannorFm_2	Jemma_2	No	Yes	0.8125
368	NorringtonMannorFm_2	Knepp_Pond_field	No	Yes	0.9534883720930233
369	NorringtonMannorFm_2	MannorFmAltonBarnes	No	Yes	0.8932384341637011
370	NorringtonMannorFm_2	Parsonage_down_reversion	No	Yes	0.8440748440748441
371	NorringtonMannorFm_2	Stonehenge_2000_2017a	No	Yes	0.8004115226337448
372	NorringtonMannorFm_2	Stonehenge_2002_2017	No	Yes	0.8054298642533937
373	NorringtonMannorFm_2	Stonehenge_2007_2016	No	Yes	0.789010989010989
374	NorringtonMannorFm_2	Stonehenge_2010	No	Yes	0.797979797979798
375	NorringtonMannorFm_2	Stonehenge_2011	No	Yes	0.8289241622574955
376	NorringtonMannorFm_2	StowellFarms_1_adj	No	Yes	0.9556135770234987
377	NorringtonMannorFm_2	WINDMILL_farm	No	Yes	0.8807947019867549
378	RSPB_Mainline	Baltic_farm_2	No	Yes	0.9013157894736842
379	RSPB_Mainline	BigleyFm_1	No	Yes	0.8469656992084432
380	RSPB_Mainline	BigleyFm_2	No	Yes	0.8217592592592593
381	RSPB_Mainline	ChurchFarm	No	Yes	0.7526041666666666
382	RSPB_Mainline	DRUIDS	No	Yes	0.8154205607476636
383	RSPB_Mainline	HARLEY_FARMS_Chittern	No	Yes	0.7582417582417582
384	RSPB_Mainline	HARLEY_FARMS_New1	No	Yes	0.7725321888412017
385	RSPB_Mainline	HomeFarm_WoodlandTrust_Hampshire_good_1c	No	Yes	0.9370277078085643
386	RSPB_Mainline	HorntonHouseFarm_1_parallel	No	Yes	0.7907692307692308
387	RSPB_Mainline	Jemma_1	No	Yes	0.7777777777777778
388	RSPB_Mainline	Jemma_2	No	Yes	0.7465940054495913
389	RSPB_Mainline	Knepp_Pond_field	No	Yes	0.9604166666666667
390	RSPB_Mainline	MannorFmAltonBarnes	No	Yes	0.8403465346534653
391	RSPB_Mainline	Parsonage_down_reversion	No	Yes	0.8548057259713702
392	RSPB_Mainline	Stonehenge_2000_2017a	No	Yes	0.7821576763485477
393	RSPB_Mainline	Stonehenge_2002_2017	No	Yes	0.782608695652174
394	RSPB_Mainline	Stonehenge_2007_2016	No	Yes	0.7357630979498861
395	RSPB_Mainline	Stonehenge_2010	No	Yes	0.7415966386554622
396	RSPB_Mainline	Stonehenge_2011	No	Yes	0.7324478178368121
397	RSPB_Mainline	StowellFarms_1_adj	No	Yes	0.9506493506493506
398	RSPB_Mainline	WINDMILL_farm	No	Yes	0.8704318936877077
399	RSPB_churchil	Baltic_farm_2	No	Yes	0.8669201520912547
400	RSPB_churchil	BigleyFm_1	No	Yes	0.8343023255813954
401	RSPB_churchil	BigleyFm_2	No	Yes	0.8204488778054863
402	RSPB_churchil	ChurchFarm	No	Yes	0.7342857142857143
403	RSPB_churchil	DRUIDS	No	Yes	0.8283582089552238
404	RSPB_churchil	HARLEY_FARMS_Chittern	No	Yes	0.7863894139886578
405	RSPB_churchil	HARLEY_FARMS_New1	No	Yes	0.8167770419426048
406	RSPB_churchil	HomeFarm_WoodlandTrust_Hampshire_good_1c	No	Yes	0.9337016574585635
407	RSPB_churchil	HorntonHouseFarm_1_parallel	No	Yes	0.7773972602739726
408	RSPB_churchil	Jemma_1	No	Yes	0.7543859649122807
409	RSPB_churchil	Jemma_2	No	Yes	0.7529411764705882
410	RSPB_churchil	Knepp_Pond_field	No	Yes	0.9595505617977528
411	RSPB_churchil	MannorFmAltonBarnes	No	Yes	0.8492975734355045
412	RSPB_churchil	Parsonage_down_reversion	No	Yes	0.8224719101123595
413	RSPB_churchil	Stonehenge_2000_2017a	No	Yes	0.7096018735362998
414	RSPB_churchil	Stonehenge_2002_2017	No	Yes	0.731457800511509
415	RSPB_churchil	Stonehenge_2007_2016	No	Yes	0.7372262773722628
416	RSPB_churchil	Stonehenge_2010	No	Yes	0.7680525164113785
417	RSPB_churchil	Stonehenge_2011	No	Yes	0.7938931297709924
418	RSPB_churchil	StowellFarms_1_adj	No	Yes	0.9545454545454546
419	RSPB_churchil	WINDMILL_farm	No	Yes	0.8540925266903915
420	RSPB_junction	Baltic_farm_2	No	Yes	0.8783269961977186
421	RSPB_junction	BigleyFm_1	No	Yes	0.7639751552795031
422	RSPB_junction	BigleyFm_2	No	Yes	0.7631578947368421
423	RSPB_junction	ChurchFarm	No	Yes	0.7570621468926554
424	RSPB_junction	DRUIDS	No	Yes	0.7780678851174935
425	RSPB_junction	HARLEY_FARMS_Chittern	No	Yes	0.7495107632093934
426	RSPB_junction	HARLEY_FARMS_New1	No	Yes	0.8438177874186551
427	RSPB_junction	HomeFarm_WoodlandTrust_Hampshire_good_1c	No	Yes	0.9180790960451978
428	RSPB_junction	HorntonHouseFarm_1_parallel	No	Yes	0.7876712328767124
429	RSPB_junction	Jemma_1	No	Yes	0.7181818181818181
430	RSPB_junction	Jemma_2	No	Yes	0.7470238095238095
431	RSPB_junction	Knepp_Pond_field	No	Yes	0.944954128440367
432	RSPB_junction	MannorFmAltonBarnes	No	Yes	0.8575063613231552
433	RSPB_junction	Parsonage_down_reversion	No	Yes	0.8077803203661327
434	RSPB_junction	Stonehenge_2000_2017a	No	Yes	0.6826923076923077
435	RSPB_junction	Stonehenge_2002_2017	No	Yes	0.7227979274611399
436	RSPB_junction	Stonehenge_2007_2016	No	Yes	0.696969696969697
437	RSPB_junction	Stonehenge_2010	No	Yes	0.7387387387387387
438	RSPB_junction	Stonehenge_2011	No	Yes	0.751984126984127
439	RSPB_junction	StowellFarms_1_adj	No	Yes	0.9327485380116959
440	RSPB_junction	WINDMILL_farm	No	Yes	0.8302919708029197
441	Stonehenge_2005	Baltic_farm_2	No	Yes	0.896457765667575
442	Stonehenge_2005	BigleyFm_1	No	Yes	0.8018867924528302
443	Stonehenge_2005	BigleyFm_2	No	Yes	0.7966804979253111
444	Stonehenge_2005	ChurchFarm	No	Yes	0.7991266375545851
445	Stonehenge_2005	DRUIDS	No	Yes	0.8082474226804124
446	Stonehenge_2005	HARLEY_FARMS_Chittern	No	Yes	0.7152658662092625
447	Stonehenge_2005	HARLEY_FARMS_New1	No	Yes	0.8287795992714025
448	Stonehenge_2005	HomeFarm_WoodlandTrust_Hampshire_good_1c	No	Yes	0.9282608695652174
449	Stonehenge_2005	HorntonHouseFarm_1_parallel	No	Yes	0.8163265306122449
450	Stonehenge_2005	Jemma_1	No	Yes	0.7604651162790698
451	Stonehenge_2005	Jemma_2	No	Yes	0.7564402810304449
452	Stonehenge_2005	Knepp_Pond_field	No	Yes	0.9405204460966543
453	Stonehenge_2005	MannorFmAltonBarnes	No	Yes	0.8440366972477065
454	Stonehenge_2005	Parsonage_down_reversion	No	Yes	0.7651663405088063
455	Stonehenge_2005	Stonehenge_2000_2017a	No	Yes	0.6291666666666667
456	Stonehenge_2005	Stonehenge_2002_2017	No	Yes	0.66
457	Stonehenge_2005	Stonehenge_2007_2016	No	Yes	0.5373831775700935
458	Stonehenge_2005	Stonehenge_2010	No	Yes	0.6354378818737271
459	Stonehenge_2005	Stonehenge_2011	No	Yes	0.6489945155393053
460	Stonehenge_2005	StowellFarms_1_adj	No	Yes	0.9444444444444444
461	Stonehenge_2005	WINDMILL_farm	No	Yes	0.848159509202454
462	Stonehenge_2009	Baltic_farm_2	No	Yes	0.9148936170212766
463	Stonehenge_2009	BigleyFm_1	No	Yes	0.8316008316008316
464	Stonehenge_2009	BigleyFm_2	No	Yes	0.7969639468690702
465	Stonehenge_2009	ChurchFarm	No	Yes	0.8226120857699805
466	Stonehenge_2009	DRUIDS	No	Yes	0.8274582560296846
467	Stonehenge_2009	HARLEY_FARMS_Chittern	No	Yes	0.7213375796178344
468	Stonehenge_2009	HARLEY_FARMS_New1	No	Yes	0.8363939899833055
469	Stonehenge_2009	HomeFarm_WoodlandTrust_Hampshire_good_1c	No	Yes	0.939922480620155
470	Stonehenge_2009	HorntonHouseFarm_1_parallel	No	Yes	0.8411633109619687
471	Stonehenge_2009	Jemma_1	No	Yes	0.7921810699588477
472	Stonehenge_2009	Jemma_2	No	Yes	0.7938144329896907
473	Stonehenge_2009	Knepp_Pond_field	No	Yes	0.9512605042016806
474	Stonehenge_2009	MannorFmAltonBarnes	No	Yes	0.838074398249453
475	Stonehenge_2009	Parsonage_down_reversion	No	Yes	0.7961335676625659
476	Stonehenge_2009	Stonehenge_2000_2017a	No	Yes	0.7054545454545454
477	Stonehenge_2009	Stonehenge_2002_2017	No	Yes	0.7041420118343196
478	Stonehenge_2009	Stonehenge_2007_2016	No	Yes	0.559322033898305
479	Stonehenge_2009	Stonehenge_2010	No	Yes	0.6617375231053605
480	Stonehenge_2009	Stonehenge_2011	No	Yes	0.6232638888888888
481	Stonehenge_2009	StowellFarms_1_adj	No	Yes	0.94831013916501
482	Stonehenge_2009	WINDMILL_farm	No	Yes	0.8629943502824858
483	Stratton_Wood	Baltic_farm_2	No	Yes	0.8785425101214575
484	Stratton_Wood	BigleyFm_1	No	Yes	0.7936507936507936
485	Stratton_Wood	BigleyFm_2	No	Yes	0.8167539267015707
486	Stratton_Wood	ChurchFarm	No	Yes	0.807909604519774
487	Stratton_Wood	DRUIDS	No	Yes	0.8
488	Stratton_Wood	HARLEY_FARMS_Chittern	No	Yes	0.8126195028680688
489	Stratton_Wood	HARLEY_FARMS_New1	No	Yes	0.8426966292134831
490	Stratton_Wood	HomeFarm_WoodlandTrust_Hampshire_good_1c	No	Yes	0.9006024096385542
491	Stratton_Wood	HorntonHouseFarm_1_parallel	No	Yes	0.8333333333333334
492	Stratton_Wood	Jemma_1	No	Yes	0.7538461538461538
493	Stratton_Wood	Jemma_2	No	Yes	0.786144578313253
494	Stratton_Wood	Knepp_Pond_field	No	Yes	0.9425837320574163
495	Stratton_Wood	MannorFmAltonBarnes	No	Yes	0.8732394366197183
496	Stratton_Wood	Parsonage_down_reversion	No	Yes	0.8220140515222483
497	Stratton_Wood	Stonehenge_2000_2017a	No	Yes	0.7927107061503417
498	Stratton_Wood	Stonehenge_2002_2017	No	Yes	0.8065326633165829
499	Stratton_Wood	Stonehenge_2007_2016	No	Yes	0.7971014492753623
500	Stratton_Wood	Stonehenge_2010	No	Yes	0.8293736501079914
501	Stratton_Wood	Stonehenge_2011	No	Yes	0.8317399617590823
502	Stratton_Wood	StowellFarms_1_adj	No	Yes	0.9388379204892966
503	Stratton_Wood	WINDMILL_farm	No	Yes	0.8267419962335216
504	TARGET_MartinDown	Baltic_farm_2	No	Yes	0.9341772151898734
505	TARGET_MartinDown	BigleyFm_1	No	Yes	0.8117913832199547
506	TARGET_MartinDown	BigleyFm_2	No	Yes	0.8404669260700389
507	TARGET_MartinDown	ChurchFarm	No	Yes	0.9031007751937985
508	TARGET_MartinDown	DRUIDS	No	Yes	0.8813559322033898
509	TARGET_MartinDown	HARLEY_FARMS_Chittern	No	Yes	0.8992805755395683
510	TARGET_MartinDown	HARLEY_FARMS_New1	No	Yes	0.914332784184514
511	TARGET_MartinDown	HomeFarm_WoodlandTrust_Hampshire_good_1c	No	Yes	0.9193205944798302
512	TARGET_MartinDown	HorntonHouseFarm_1_parallel	No	Yes	0.9309576837416481
513	TARGET_MartinDown	Jemma_1	No	Yes	0.8442105263157895
514	TARGET_MartinDown	Jemma_2	No	Yes	0.8790983606557377
515	TARGET_MartinDown	Knepp_Pond_field	No	Yes	0.9364791288566243
516	TARGET_MartinDown	MannorFmAltonBarnes	No	Yes	0.9465020576131687
517	TARGET_MartinDown	Parsonage_down_reversion	No	Yes	0.8405017921146953
518	TARGET_MartinDown	Stonehenge_2000_2017a	No	Yes	0.8672268907563025
519	TARGET_MartinDown	Stonehenge_2002_2017	No	Yes	0.8683729433272395
520	TARGET_MartinDown	Stonehenge_2007_2016	No	Yes	0.8717047451669596
521	TARGET_MartinDown	Stonehenge_2010	No	Yes	0.8547579298831386
522	TARGET_MartinDown	Stonehenge_2011	No	Yes	0.8748137108792846
523	TARGET_MartinDown	StowellFarms_1_adj	No	Yes	0.9372294372294372
524	TARGET_MartinDown	WINDMILL_farm	No	Yes	0.8884057971014493
525	TARGET_ParsonageDown	Baltic_farm_2	No	Yes	0.9313304721030042
526	TARGET_ParsonageDown	BigleyFm_1	No	Yes	0.8169291338582677
527	TARGET_ParsonageDown	BigleyFm_2	No	Yes	0.802491103202847
528	TARGET_ParsonageDown	ChurchFarm	No	Yes	0.8699472759226714
529	TARGET_ParsonageDown	DRUIDS	No	Yes	0.8470790378006873
530	TARGET_ParsonageDown	HARLEY_FARMS_Chittern	No	Yes	0.8190743338008415
531	TARGET_ParsonageDown	HARLEY_FARMS_New1	No	Yes	0.9047619047619048
532	TARGET_ParsonageDown	HomeFarm_WoodlandTrust_Hampshire_good_1c	No	Yes	0.947935368043088
533	TARGET_ParsonageDown	HorntonHouseFarm_1_parallel	No	Yes	0.8904382470119522
534	TARGET_ParsonageDown	Jemma_1	No	Yes	0.8233082706766918
535	TARGET_ParsonageDown	Jemma_2	No	Yes	0.8248587570621468
536	TARGET_ParsonageDown	Knepp_Pond_field	No	Yes	0.9408945686900958
537	TARGET_ParsonageDown	MannorFmAltonBarnes	No	Yes	0.9077380952380952
538	TARGET_ParsonageDown	Parsonage_down_reversion	No	Yes	0.6666666666666666
539	TARGET_ParsonageDown	Stonehenge_2000_2017a	No	Yes	0.8117088607594937
540	TARGET_ParsonageDown	Stonehenge_2002_2017	No	Yes	0.8243243243243243
541	TARGET_ParsonageDown	Stonehenge_2007_2016	No	Yes	0.8036605657237936
542	TARGET_ParsonageDown	Stonehenge_2010	No	Yes	0.8096723868954758
543	TARGET_ParsonageDown	Stonehenge_2011	No	Yes	0.8011527377521613
544	TARGET_ParsonageDown	StowellFarms_1_adj	No	Yes	0.9422718808193669
545	TARGET_ParsonageDown	WINDMILL_farm	No	Yes	0.8716577540106952
546	ThropeManor_3	Baltic_farm_2	No	Yes	0.8914473684210527
547	ThropeManor_3	BigleyFm_1	No	Yes	0.7945205479452054
548	ThropeManor_3	BigleyFm_2	No	Yes	0.72
549	ThropeManor_3	ChurchFarm	No	Yes	0.7766497461928934
550	ThropeManor_3	DRUIDS	No	Yes	0.7621359223300971
551	ThropeManor_3	HARLEY_FARMS_Chittern	No	Yes	0.7126654064272212
552	ThropeManor_3	HARLEY_FARMS_New1	No	Yes	0.8407258064516129
553	ThropeManor_3	HomeFarm_WoodlandTrust_Hampshire_good_1c	No	Yes	0.9213197969543148
554	ThropeManor_3	HorntonHouseFarm_1_parallel	No	Yes	0.7926829268292683
555	ThropeManor_3	Jemma_1	No	Yes	0.7364130434782609
556	ThropeManor_3	Jemma_2	No	Yes	0.7452574525745257
557	ThropeManor_3	Knepp_Pond_field	No	Yes	0.9386892177589852
558	ThropeManor_3	MannorFmAltonBarnes	No	Yes	0.8633615477629988
559	ThropeManor_3	Parsonage_down_reversion	No	Yes	0.8072033898305084
560	ThropeManor_3	Stonehenge_2000_2017a	No	Yes	0.728448275862069
561	ThropeManor_3	Stonehenge_2002_2017	No	Yes	0.7292161520190024
562	ThropeManor_3	Stonehenge_2007_2016	No	Yes	0.7544642857142857
563	ThropeManor_3	Stonehenge_2010	No	Yes	0.7714285714285715
564	ThropeManor_3	Stonehenge_2011	No	Yes	0.7822141560798548
565	ThropeManor_3	StowellFarms_1_adj	No	Yes	0.931758530183727
566	ThropeManor_3	WINDMILL_farm	No	Yes	0.8203799654576857
567	TownsendFarm_1	Baltic_farm_2	No	Yes	0.8848314606741573
568	TownsendFarm_1	BigleyFm_1	No	Yes	0.7980769230769231
569	TownsendFarm_1	BigleyFm_2	No	Yes	0.6820276497695853
570	TownsendFarm_1	ChurchFarm	No	Yes	0.7955555555555556
571	TownsendFarm_1	DRUIDS	No	Yes	0.7846481876332623
572	TownsendFarm_1	HARLEY_FARMS_Chittern	No	Yes	0.6884955752212389
573	TownsendFarm_1	HARLEY_FARMS_New1	No	Yes	0.8348623853211009
574	TownsendFarm_1	HomeFarm_WoodlandTrust_Hampshire_good_1c	No	Yes	0.9293598233995585
575	TownsendFarm_1	HorntonHouseFarm_1_parallel	No	Yes	0.784
576	TownsendFarm_1	Jemma_1	No	Yes	0.7163814180929096
577	TownsendFarm_1	Jemma_2	No	Yes	0.7305825242718447
578	TownsendFarm_1	Knepp_Pond_field	No	Yes	0.9416195856873822
579	TownsendFarm_1	MannorFmAltonBarnes	No	Yes	0.8584474885844748
580	TownsendFarm_1	Parsonage_down_reversion	No	Yes	0.7638888888888888
581	TownsendFarm_1	Stonehenge_2000_2017a	No	Yes	0.7619047619047619
582	TownsendFarm_1	Stonehenge_2002_2017	No	Yes	0.7782340862422998
583	TownsendFarm_1	Stonehenge_2007_2016	No	Yes	0.7361963190184049
584	TownsendFarm_1	Stonehenge_2010	No	Yes	0.7390476190476191
585	TownsendFarm_1	Stonehenge_2011	No	Yes	0.7482876712328768
586	TownsendFarm_1	StowellFarms_1_adj	No	Yes	0.931350114416476
587	TownsendFarm_1	WINDMILL_farm	No	Yes	0.8130990415335463
588	TownsendFarm_2	Baltic_farm_2	No	Yes	0.7943262411347518
589	TownsendFarm_2	BigleyFm_1	No	Yes	0.8481012658227848
590	TownsendFarm_2	BigleyFm_2	No	Yes	0.8461538461538461
591	TownsendFarm_2	ChurchFarm	No	Yes	0.8068181818181818
592	TownsendFarm_2	DRUIDS	No	Yes	0.8412162162162162
593	TownsendFarm_2	HARLEY_FARMS_Chittern	No	Yes	0.8552338530066815
594	TownsendFarm_2	HARLEY_FARMS_New1	No	Yes	0.888283378746594
595	TownsendFarm_2	HomeFarm_WoodlandTrust_Hampshire_good_1c	No	Yes	0.9294605809128631
596	TownsendFarm_2	HorntonHouseFarm_1_parallel	No	Yes	0.7486338797814208
597	TownsendFarm_2	Jemma_1	No	Yes	0.8449612403100775
598	TownsendFarm_2	Jemma_2	No	Yes	0.8064516129032258
599	TownsendFarm_2	Knepp_Pond_field	No	Yes	0.953125
600	TownsendFarm_2	MannorFmAltonBarnes	No	Yes	0.9050991501416431
601	TownsendFarm_2	Parsonage_down_reversion	No	Yes	0.8685714285714285
602	TownsendFarm_2	Stonehenge_2000_2017a	No	Yes	0.8839050131926122
603	TownsendFarm_2	Stonehenge_2002_2017	No	Yes	0.8711656441717791
604	TownsendFarm_2	Stonehenge_2007_2016	No	Yes	0.869942196531792
605	TownsendFarm_2	Stonehenge_2010	No	Yes	0.8903061224489796
606	TownsendFarm_2	Stonehenge_2011	No	Yes	0.8898678414096917
607	TownsendFarm_2	StowellFarms_1_adj	No	Yes	0.9473684210526315
608	TownsendFarm_2	WINDMILL_farm	No	Yes	0.868421052631579
609	TownsendFarm_3_big	Baltic_farm_2	No	Yes	0.8690095846645367
610	TownsendFarm_3_big	BigleyFm_1	No	Yes	0.7877984084880637
611	TownsendFarm_3_big	BigleyFm_2	No	Yes	0.6401028277634961
612	TownsendFarm_3_big	ChurchFarm	No	Yes	0.80622009569378
613	TownsendFarm_3_big	DRUIDS	No	Yes	0.7686915887850467
614	TownsendFarm_3_big	HARLEY_FARMS_Chittern	No	Yes	0.6805293005671077
615	TownsendFarm_3_big	HARLEY_FARMS_New1	No	Yes	0.8414872798434442
616	TownsendFarm_3_big	HomeFarm_WoodlandTrust_Hampshire_good_1c	No	Yes	0.9219512195121952
617	TownsendFarm_3_big	HorntonHouseFarm_1_parallel	No	Yes	0.8132183908045977
618	TownsendFarm_3_big	Jemma_1	No	Yes	0.7282321899736148
619	TownsendFarm_3_big	Jemma_2	No	Yes	0.7368421052631579
620	TownsendFarm_3_big	Knepp_Pond_field	No	Yes	0.9232365145228216
621	TownsendFarm_3_big	MannorFmAltonBarnes	No	Yes	0.8607142857142858
622	TownsendFarm_3_big	Parsonage_down_reversion	No	Yes	0.7526881720430108
623	TownsendFarm_3_big	Stonehenge_2000_2017a	No	Yes	0.7637474541751528
624	TownsendFarm_3_big	Stonehenge_2002_2017	No	Yes	0.7868131868131868
625	TownsendFarm_3_big	Stonehenge_2007_2016	No	Yes	0.75
626	TownsendFarm_3_big	Stonehenge_2010	No	Yes	0.7104166666666667
627	TownsendFarm_3_big	Stonehenge_2011	No	Yes	0.7306273062730627
628	TownsendFarm_3_big	StowellFarms_1_adj	No	Yes	0.9292929292929293
629	TownsendFarm_3_big	WINDMILL_farm	No	Yes	0.7972508591065293
630	Watlington_natural_reversion	Baltic_farm_2	No	Yes	0.9340659340659341
631	Watlington_natural_reversion	BigleyFm_1	No	Yes	0.833729216152019
632	Watlington_natural_reversion	BigleyFm_2	No	Yes	0.8807157057654076
633	Watlington_natural_reversion	ChurchFarm	No	Yes	0.9100204498977505
634	Watlington_natural_reversion	DRUIDS	No	Yes	0.9085603112840467
635	Watlington_natural_reversion	HARLEY_FARMS_Chittern	No	Yes	0.905829596412556
636	Watlington_natural_reversion	HARLEY_FARMS_New1	No	Yes	0.9425675675675675
637	Watlington_natural_reversion	HomeFarm_WoodlandTrust_Hampshire_good_1c	No	Yes	0.9469026548672567
638	Watlington_natural_reversion	HorntonHouseFarm_1_parallel	No	Yes	0.9228915662650602
639	Watlington_natural_reversion	Jemma_1	No	Yes	0.8482142857142857
640	Watlington_natural_reversion	Jemma_2	No	Yes	0.8946236559139785
641	Watlington_natural_reversion	Knepp_Pond_field	No	Yes	0.9546313799621928
642	Watlington_natural_reversion	MannorFmAltonBarnes	No	Yes	0.9479830148619958
643	Watlington_natural_reversion	Parsonage_down_reversion	No	Yes	0.8436911487758946
644	Watlington_natural_reversion	Stonehenge_2000_2017a	No	Yes	0.857397504456328
645	Watlington_natural_reversion	Stonehenge_2002_2017	No	Yes	0.8838095238095238
646	Watlington_natural_reversion	Stonehenge_2007_2016	No	Yes	0.8846153846153846
647	Watlington_natural_reversion	Stonehenge_2010	No	Yes	0.8837606837606837
648	Watlington_natural_reversion	Stonehenge_2011	No	Yes	0.8960244648318043
649	Watlington_natural_reversion	StowellFarms_1_adj	No	Yes	0.9590909090909091
650	Watlington_natural_reversion	WINDMILL_farm	No	Yes	0.9269005847953217
651	WestEndFarm	Baltic_farm_2	No	Yes	0.7795275590551181
652	WestEndFarm	BigleyFm_1	No	Yes	0.8733624454148472
653	WestEndFarm	BigleyFm_2	No	Yes	0.8737201365187713
654	WestEndFarm	ChurchFarm	No	Yes	0.828125
655	WestEndFarm	DRUIDS	No	Yes	0.8767123287671232
656	WestEndFarm	HARLEY_FARMS_Chittern	No	Yes	0.8811659192825112
657	WestEndFarm	HARLEY_FARMS_New1	No	Yes	0.8338278931750742
658	WestEndFarm	HomeFarm_WoodlandTrust_Hampshire_good_1c	No	Yes	0.9388646288209607
659	WestEndFarm	HorntonHouseFarm_1_parallel	No	Yes	0.7771428571428571
660	WestEndFarm	Jemma_1	No	Yes	0.8495934959349594
661	WestEndFarm	Jemma_2	No	Yes	0.8042553191489362
662	WestEndFarm	Knepp_Pond_field	No	Yes	0.967741935483871
663	WestEndFarm	MannorFmAltonBarnes	No	Yes	0.9293785310734464
664	WestEndFarm	Parsonage_down_reversion	No	Yes	0.9020172910662824
665	WestEndFarm	Stonehenge_2000_2017a	No	Yes	0.8943089430894309
666	WestEndFarm	Stonehenge_2002_2017	No	Yes	0.8793650793650793
667	WestEndFarm	Stonehenge_2007_2016	No	Yes	0.874251497005988
668	WestEndFarm	Stonehenge_2010	No	Yes	0.8770053475935828
669	WestEndFarm	Stonehenge_2011	No	Yes	0.8732718894009217
670	WestEndFarm	StowellFarms_1_adj	No	Yes	0.9583333333333334
671	WestEndFarm	WINDMILL_farm	No	Yes	0.9294871794871795
672	Whitelands_2018_19	Baltic_farm_2	No	Yes	0.9109195402298851
673	Whitelands_2018_19	BigleyFm_1	No	Yes	0.8894009216589862
674	Whitelands_2018_19	BigleyFm_2	No	Yes	0.8624229979466119
675	Whitelands_2018_19	ChurchFarm	No	Yes	0.7757009345794392
676	Whitelands_2018_19	DRUIDS	No	Yes	0.8547717842323651
677	Whitelands_2018_19	HARLEY_FARMS_Chittern	No	Yes	0.7970049916805324
678	Whitelands_2018_19	HARLEY_FARMS_New1	No	Yes	0.7684630738522954
679	Whitelands_2018_19	HomeFarm_WoodlandTrust_Hampshire_good_1c	No	Yes	0.9481981981981982
680	Whitelands_2018_19	HorntonHouseFarm_1_parallel	No	Yes	0.8032786885245902
681	Whitelands_2018_19	Jemma_1	No	Yes	0.8477272727272728
682	Whitelands_2018_19	Jemma_2	No	Yes	0.7976190476190477
683	Whitelands_2018_19	Knepp_Pond_field	No	Yes	0.9578544061302682
684	Whitelands_2018_19	MannorFmAltonBarnes	No	Yes	0.8140096618357487
685	Whitelands_2018_19	Parsonage_down_reversion	No	Yes	0.8670411985018727
686	Whitelands_2018_19	Stonehenge_2000_2017a	No	Yes	0.8252788104089219
687	Whitelands_2018_19	Stonehenge_2002_2017	No	Yes	0.824847250509165
688	Whitelands_2018_19	Stonehenge_2007_2016	No	Yes	0.8071570576540755
689	Whitelands_2018_19	Stonehenge_2010	No	Yes	0.8205128205128205
690	Whitelands_2018_19	Stonehenge_2011	No	Yes	0.7956081081081081
691	Whitelands_2018_19	StowellFarms_1_adj	No	Yes	0.9582366589327146
692	Whitelands_2018_19	WINDMILL_farm	No	Yes	0.8618524332810047
0	BigleyFm_1	Baltic_farm_2	Yes	Yes	0.8761467889908257
1	BigleyFm_2	Baltic_farm_2	Yes	Yes	0.8514492753623188
2	BigleyFm_2	BigleyFm_1	Yes	Yes	0.7349397590361446
3	ChurchFarm	Baltic_farm_2	Yes	Yes	0.8700787401574803
4	ChurchFarm	BigleyFm_1	Yes	Yes	0.8392857142857143
5	ChurchFarm	BigleyFm_2	Yes	Yes	0.8274111675126904
6	DRUIDS	Baltic_farm_2	Yes	Yes	0.8908450704225352
7	DRUIDS	BigleyFm_1	Yes	Yes	0.7777777777777778
8	DRUIDS	BigleyFm_2	Yes	Yes	0.7172774869109948
9	DRUIDS	ChurchFarm	Yes	Yes	0.7894736842105263
10	HARLEY_FARMS_Chittern	Baltic_farm_2	Yes	Yes	0.9078651685393259
11	HARLEY_FARMS_Chittern	BigleyFm_1	Yes	Yes	0.8563106796116505
12	HARLEY_FARMS_Chittern	BigleyFm_2	Yes	Yes	0.7667910447761194
13	HARLEY_FARMS_Chittern	ChurchFarm	Yes	Yes	0.7865384615384615
14	HARLEY_FARMS_Chittern	DRUIDS	Yes	Yes	0.775092936802974
15	HARLEY_FARMS_New1	Baltic_farm_2	Yes	Yes	0.9355742296918768
16	HARLEY_FARMS_New1	BigleyFm_1	Yes	Yes	0.8870967741935484
17	HARLEY_FARMS_New1	BigleyFm_2	Yes	Yes	0.8765182186234818
18	HARLEY_FARMS_New1	ChurchFarm	Yes	Yes	0.7676056338028169
19	HARLEY_FARMS_New1	DRUIDS	Yes	Yes	0.8333333333333334
20	HARLEY_FARMS_New1	HARLEY_FARMS_Chittern	Yes	Yes	0.7892976588628763
21	HomeFarm_WoodlandTrust_Hampshire_good_1c	Baltic_farm_2	Yes	Yes	0.9400921658986175
22	HomeFarm_WoodlandTrust_Hampshire_good_1c	BigleyFm_1	Yes	Yes	0.89
23	HomeFarm_WoodlandTrust_Hampshire_good_1c	BigleyFm_2	Yes	Yes	0.9024390243902439
24	HomeFarm_WoodlandTrust_Hampshire_good_1c	ChurchFarm	Yes	Yes	0.9224137931034483
25	HomeFarm_WoodlandTrust_Hampshire_good_1c	DRUIDS	Yes	Yes	0.8867403314917127
26	HomeFarm_WoodlandTrust_Hampshire_good_1c	HARLEY_FARMS_Chittern	Yes	Yes	0.9467889908256881
27	HomeFarm_WoodlandTrust_Hampshire_good_1c	HARLEY_FARMS_New1	Yes	Yes	0.9387755102040817
28	HorntonHouseFarm_1_parallel	Baltic_farm_2	Yes	Yes	0.8106508875739645
29	HorntonHouseFarm_1_parallel	BigleyFm_1	Yes	Yes	0.8571428571428571
30	HorntonHouseFarm_1_parallel	BigleyFm_2	Yes	Yes	0.810126582278481
31	HorntonHouseFarm_1_parallel	ChurchFarm	Yes	Yes	0.7509025270758123
32	HorntonHouseFarm_1_parallel	DRUIDS	Yes	Yes	0.8089171974522293
33	HorntonHouseFarm_1_parallel	HARLEY_FARMS_Chittern	Yes	Yes	0.7861915367483296
34	HorntonHouseFarm_1_parallel	HARLEY_FARMS_New1	Yes	Yes	0.8262032085561497
35	HorntonHouseFarm_1_parallel	HomeFarm_WoodlandTrust_Hampshire_good_1c	Yes	Yes	0.9296296296296296
36	Jemma_1	Baltic_farm_2	Yes	Yes	0.851063829787234
37	Jemma_1	BigleyFm_1	Yes	Yes	0.7566666666666667
38	Jemma_1	BigleyFm_2	Yes	Yes	0.7357954545454546
39	Jemma_1	ChurchFarm	Yes	Yes	0.8074712643678161
40	Jemma_1	DRUIDS	Yes	Yes	0.8027027027027027
41	Jemma_1	HARLEY_FARMS_Chittern	Yes	Yes	0.8169556840077071
42	Jemma_1	HARLEY_FARMS_New1	Yes	Yes	0.8609865470852018
43	Jemma_1	HomeFarm_WoodlandTrust_Hampshire_good_1c	Yes	Yes	0.9051987767584098
44	Jemma_1	HorntonHouseFarm_1_parallel	Yes	Yes	0.7769516728624535
45	Jemma_2	Baltic_farm_2	Yes	Yes	0.8088888888888889
46	Jemma_2	BigleyFm_1	Yes	Yes	0.7796052631578947
47	Jemma_2	BigleyFm_2	Yes	Yes	0.7414772727272727
48	Jemma_2	ChurchFarm	Yes	Yes	0.7408536585365854
49	Jemma_2	DRUIDS	Yes	Yes	0.8048780487804879
50	Jemma_2	HARLEY_FARMS_Chittern	Yes	Yes	0.7710843373493976
51	Jemma_2	HARLEY_FARMS_New1	Yes	Yes	0.812206572769953
52	Jemma_2	HomeFarm_WoodlandTrust_Hampshire_good_1c	Yes	Yes	0.9244712990936556
53	Jemma_2	HorntonHouseFarm_1_parallel	Yes	Yes	0.7176470588235294
54	Jemma_2	Jemma_1	Yes	Yes	0.7428571428571429
55	Knepp_Pond_field	Baltic_farm_2	Yes	Yes	0.9663299663299664
56	Knepp_Pond_field	BigleyFm_1	Yes	Yes	0.9153439153439153
57	Knepp_Pond_field	BigleyFm_2	Yes	Yes	0.9119638826185101
58	Knepp_Pond_field	ChurchFarm	Yes	Yes	0.9389671361502347
59	Knepp_Pond_field	DRUIDS	Yes	Yes	0.9066059225512528
60	Knepp_Pond_field	HARLEY_FARMS_Chittern	Yes	Yes	0.9533762057877814
61	Knepp_Pond_field	HARLEY_FARMS_New1	Yes	Yes	0.9499036608863198
62	Knepp_Pond_field	HomeFarm_WoodlandTrust_Hampshire_good_1c	Yes	Yes	0.8483965014577259
63	Knepp_Pond_field	HorntonHouseFarm_1_parallel	Yes	Yes	0.9482758620689655
64	Knepp_Pond_field	Jemma_1	Yes	Yes	0.9518072289156626
65	Knepp_Pond_field	Jemma_2	Yes	Yes	0.9439024390243902
66	MannorFmAltonBarnes	Baltic_farm_2	Yes	Yes	0.9477401129943502
67	MannorFmAltonBarnes	BigleyFm_1	Yes	Yes	0.9183673469387755
68	MannorFmAltonBarnes	BigleyFm_2	Yes	Yes	0.8929001203369434
69	MannorFmAltonBarnes	ChurchFarm	Yes	Yes	0.8350785340314136
70	MannorFmAltonBarnes	DRUIDS	Yes	Yes	0.8791208791208791
71	MannorFmAltonBarnes	HARLEY_FARMS_Chittern	Yes	Yes	0.8265086206896551
72	MannorFmAltonBarnes	HARLEY_FARMS_New1	Yes	Yes	0.8583042973286876
73	MannorFmAltonBarnes	HomeFarm_WoodlandTrust_Hampshire_good_1c	Yes	Yes	0.9639303482587065
74	MannorFmAltonBarnes	HorntonHouseFarm_1_parallel	Yes	Yes	0.8940852819807428
75	MannorFmAltonBarnes	Jemma_1	Yes	Yes	0.8907242693773825
76	MannorFmAltonBarnes	Jemma_2	Yes	Yes	0.864406779661017
77	MannorFmAltonBarnes	Knepp_Pond_field	Yes	Yes	0.9647326507394767
78	Parsonage_down_reversion	Baltic_farm_2	Yes	Yes	0.9047619047619048
79	Parsonage_down_reversion	BigleyFm_1	Yes	Yes	0.7923076923076923
80	Parsonage_down_reversion	BigleyFm_2	Yes	Yes	0.7960088691796009
81	Parsonage_down_reversion	ChurchFarm	Yes	Yes	0.8574610244988864
82	Parsonage_down_reversion	DRUIDS	Yes	Yes	0.829004329004329
83	Parsonage_down_reversion	HARLEY_FARMS_Chittern	Yes	Yes	0.7849829351535836
84	Parsonage_down_reversion	HARLEY_FARMS_New1	Yes	Yes	0.8860294117647058
85	Parsonage_down_reversion	HomeFarm_WoodlandTrust_Hampshire_good_1c	Yes	Yes	0.9370629370629371
86	Parsonage_down_reversion	HorntonHouseFarm_1_parallel	Yes	Yes	0.8733509234828496
87	Parsonage_down_reversion	Jemma_1	Yes	Yes	0.8162291169451074
88	Parsonage_down_reversion	Jemma_2	Yes	Yes	0.8096385542168675
89	Parsonage_down_reversion	Knepp_Pond_field	Yes	Yes	0.9403578528827038
90	Parsonage_down_reversion	MannorFmAltonBarnes	Yes	Yes	0.8965909090909091
91	Stonehenge_2000_2017a	Baltic_farm_2	Yes	Yes	0.9058171745152355
92	Stonehenge_2000_2017a	BigleyFm_1	Yes	Yes	0.8142857142857143
93	Stonehenge_2000_2017a	BigleyFm_2	Yes	Yes	0.7872340425531915
94	Stonehenge_2000_2017a	ChurchFarm	Yes	Yes	0.8
95	Stonehenge_2000_2017a	DRUIDS	Yes	Yes	0.8288659793814434
96	Stonehenge_2000_2017a	HARLEY_FARMS_Chittern	Yes	Yes	0.7785123966942149
97	Stonehenge_2000_2017a	HARLEY_FARMS_New1	Yes	Yes	0.8385321100917431
98	Stonehenge_2000_2017a	HomeFarm_WoodlandTrust_Hampshire_good_1c	Yes	Yes	0.9314159292035398
99	Stonehenge_2000_2017a	HorntonHouseFarm_1_parallel	Yes	Yes	0.8238341968911918
100	Stonehenge_2000_2017a	Jemma_1	Yes	Yes	0.7427884615384616
101	Stonehenge_2000_2017a	Jemma_2	Yes	Yes	0.7535885167464115
102	Stonehenge_2000_2017a	Knepp_Pond_field	Yes	Yes	0.9473684210526315
103	Stonehenge_2000_2017a	MannorFmAltonBarnes	Yes	Yes	0.856815578465063
104	Stonehenge_2000_2017a	Parsonage_down_reversion	Yes	Yes	0.7823529411764706
105	Stonehenge_2002_2017	Baltic_farm_2	Yes	Yes	0.8996763754045307
106	Stonehenge_2002_2017	BigleyFm_1	Yes	Yes	0.8372703412073491
107	Stonehenge_2002_2017	BigleyFm_2	Yes	Yes	0.8106235565819861
108	Stonehenge_2002_2017	ChurchFarm	Yes	Yes	0.8054187192118226
109	Stonehenge_2002_2017	DRUIDS	Yes	Yes	0.8314350797266514
110	Stonehenge_2002_2017	HARLEY_FARMS_Chittern	Yes	Yes	0.7719928186714542
111	Stonehenge_2002_2017	HARLEY_FARMS_New1	Yes	Yes	0.8416833667334669
112	Stonehenge_2002_2017	HomeFarm_WoodlandTrust_Hampshire_good_1c	Yes	Yes	0.93
113	Stonehenge_2002_2017	HorntonHouseFarm_1_parallel	Yes	Yes	0.8018018018018018
114	Stonehenge_2002_2017	Jemma_1	Yes	Yes	0.7938144329896907
115	Stonehenge_2002_2017	Jemma_2	Yes	Yes	0.7540106951871658
116	Stonehenge_2002_2017	Knepp_Pond_field	Yes	Yes	0.9522821576763485
117	Stonehenge_2002_2017	MannorFmAltonBarnes	Yes	Yes	0.8800475059382423
118	Stonehenge_2002_2017	Parsonage_down_reversion	Yes	Yes	0.7931769722814499
119	Stonehenge_2002_2017	Stonehenge_2000_2017a	Yes	Yes	0.6144859813084113
120	Stonehenge_2007_2016	Baltic_farm_2	Yes	Yes	0.8932926829268293
121	Stonehenge_2007_2016	BigleyFm_1	Yes	Yes	0.8142493638676844
122	Stonehenge_2007_2016	BigleyFm_2	Yes	Yes	0.7772727272727272
123	Stonehenge_2007_2016	ChurchFarm	Yes	Yes	0.8186046511627907
124	Stonehenge_2007_2016	DRUIDS	Yes	Yes	0.8008948545861297
125	Stonehenge_2007_2016	HARLEY_FARMS_Chittern	Yes	Yes	0.7397504456327986
126	Stonehenge_2007_2016	HARLEY_FARMS_New1	Yes	Yes	0.830739299610895
127	Stonehenge_2007_2016	HomeFarm_WoodlandTrust_Hampshire_good_1c	Yes	Yes	0.9287410926365796
128	Stonehenge_2007_2016	HorntonHouseFarm_1_parallel	Yes	Yes	0.8146067415730337
129	Stonehenge_2007_2016	Jemma_1	Yes	Yes	0.7663316582914573
130	Stonehenge_2007_2016	Jemma_2	Yes	Yes	0.7461538461538462
131	Stonehenge_2007_2016	Knepp_Pond_field	Yes	Yes	0.944
132	Stonehenge_2007_2016	MannorFmAltonBarnes	Yes	Yes	0.8513674197384067
133	Stonehenge_2007_2016	Parsonage_down_reversion	Yes	Yes	0.7521186440677966
134	Stonehenge_2007_2016	Stonehenge_2000_2017a	Yes	Yes	0.6809421841541756
135	Stonehenge_2007_2016	Stonehenge_2002_2017	Yes	Yes	0.6953488372093023
136	Stonehenge_2010	Baltic_farm_2	Yes	Yes	0.8970189701897019
137	Stonehenge_2010	BigleyFm_1	Yes	Yes	0.813953488372093
138	Stonehenge_2010	BigleyFm_2	Yes	Yes	0.7695560253699789
139	Stonehenge_2010	ChurchFarm	Yes	Yes	0.8051948051948052
140	Stonehenge_2010	DRUIDS	Yes	Yes	0.8139059304703476
141	Stonehenge_2010	HARLEY_FARMS_Chittern	Yes	Yes	0.7586776859504132
142	Stonehenge_2010	HARLEY_FARMS_New1	Yes	Yes	0.8272727272727273
143	Stonehenge_2010	HomeFarm_WoodlandTrust_Hampshire_good_1c	Yes	Yes	0.9262472885032538
144	Stonehenge_2010	HorntonHouseFarm_1_parallel	Yes	Yes	0.8320802005012531
145	Stonehenge_2010	Jemma_1	Yes	Yes	0.7261904761904762
146	Stonehenge_2010	Jemma_2	Yes	Yes	0.7575757575757576
147	Stonehenge_2010	Knepp_Pond_field	Yes	Yes	0.930841121495327
148	Stonehenge_2010	MannorFmAltonBarnes	Yes	Yes	0.8613303269447576
149	Stonehenge_2010	Parsonage_down_reversion	Yes	Yes	0.7965779467680608
150	Stonehenge_2010	Stonehenge_2000_2017a	Yes	Yes	0.7007874015748031
151	Stonehenge_2010	Stonehenge_2002_2017	Yes	Yes	0.7100213219616205
152	Stonehenge_2010	Stonehenge_2007_2016	Yes	Yes	0.62882096069869
153	Stonehenge_2011	Baltic_farm_2	Yes	Yes	0.908256880733945
154	Stonehenge_2011	BigleyFm_1	Yes	Yes	0.844311377245509
155	Stonehenge_2011	BigleyFm_2	Yes	Yes	0.7966728280961183
156	Stonehenge_2011	ChurchFarm	Yes	Yes	0.8126195028680688
157	Stonehenge_2011	DRUIDS	Yes	Yes	0.8135283363802559
158	Stonehenge_2011	HARLEY_FARMS_Chittern	Yes	Yes	0.736517719568567
159	Stonehenge_2011	HARLEY_FARMS_New1	Yes	Yes	0.8237232289950577
160	Stonehenge_2011	HomeFarm_WoodlandTrust_Hampshire_good_1c	Yes	Yes	0.9358490566037736
161	Stonehenge_2011	HorntonHouseFarm_1_parallel	Yes	Yes	0.8394793926247288
162	Stonehenge_2011	Jemma_1	Yes	Yes	0.782258064516129
163	Stonehenge_2011	Jemma_2	Yes	Yes	0.7789046653144016
164	Stonehenge_2011	Knepp_Pond_field	Yes	Yes	0.943986820428336
165	Stonehenge_2011	MannorFmAltonBarnes	Yes	Yes	0.8397849462365592
166	Stonehenge_2011	Parsonage_down_reversion	Yes	Yes	0.8040885860306644
167	Stonehenge_2011	Stonehenge_2000_2017a	Yes	Yes	0.7299651567944251
168	Stonehenge_2011	Stonehenge_2002_2017	Yes	Yes	0.7186311787072244
169	Stonehenge_2011	Stonehenge_2007_2016	Yes	Yes	0.6492248062015504
170	Stonehenge_2011	Stonehenge_2010	Yes	Yes	0.6018867924528302
171	StowellFarms_1_adj	Baltic_farm_2	Yes	Yes	0.9556650246305419
172	StowellFarms_1_adj	BigleyFm_1	Yes	Yes	0.9249146757679181
173	StowellFarms_1_adj	BigleyFm_2	Yes	Yes	0.9067796610169492
174	StowellFarms_1_adj	ChurchFarm	Yes	Yes	0.95
175	StowellFarms_1_adj	DRUIDS	Yes	Yes	0.9093484419263456
176	StowellFarms_1_adj	HARLEY_FARMS_Chittern	Yes	Yes	0.9429657794676806
177	StowellFarms_1_adj	HARLEY_FARMS_New1	Yes	Yes	0.9534883720930233
178	StowellFarms_1_adj	HomeFarm_WoodlandTrust_Hampshire_good_1c	Yes	Yes	0.8372093023255814
179	StowellFarms_1_adj	HorntonHouseFarm_1_parallel	Yes	Yes	0.94140625
180	StowellFarms_1_adj	Jemma_1	Yes	Yes	0.9440993788819876
181	StowellFarms_1_adj	Jemma_2	Yes	Yes	0.9404388714733543
182	StowellFarms_1_adj	Knepp_Pond_field	Yes	Yes	0.8069620253164557
183	StowellFarms_1_adj	MannorFmAltonBarnes	Yes	Yes	0.9722572509457755
184	StowellFarms_1_adj	Parsonage_down_reversion	Yes	Yes	0.944578313253012
185	StowellFarms_1_adj	Stonehenge_2000_2017a	Yes	Yes	0.9407744874715261
186	StowellFarms_1_adj	Stonehenge_2002_2017	Yes	Yes	0.9405684754521964
187	StowellFarms_1_adj	Stonehenge_2007_2016	Yes	Yes	0.9387254901960784
188	StowellFarms_1_adj	Stonehenge_2010	Yes	Yes	0.94
189	StowellFarms_1_adj	Stonehenge_2011	Yes	Yes	0.9439071566731141
190	WINDMILL_farm	Baltic_farm_2	Yes	Yes	0.9274725274725275
191	WINDMILL_farm	BigleyFm_1	Yes	Yes	0.8434442270058709
192	WINDMILL_farm	BigleyFm_2	Yes	Yes	0.7834862385321101
193	WINDMILL_farm	ChurchFarm	Yes	Yes	0.8190298507462687
194	WINDMILL_farm	DRUIDS	Yes	Yes	0.7551789077212806
195	WINDMILL_farm	HARLEY_FARMS_Chittern	Yes	Yes	0.8379888268156425
196	WINDMILL_farm	HARLEY_FARMS_New1	Yes	Yes	0.8566929133858268
197	WINDMILL_farm	HomeFarm_WoodlandTrust_Hampshire_good_1c	Yes	Yes	0.8661417322834646
198	WINDMILL_farm	HorntonHouseFarm_1_parallel	Yes	Yes	0.8790983606557377
199	WINDMILL_farm	Jemma_1	Yes	Yes	0.8571428571428571
200	WINDMILL_farm	Jemma_2	Yes	Yes	0.8415094339622642
201	WINDMILL_farm	Knepp_Pond_field	Yes	Yes	0.8760757314974182
202	WINDMILL_farm	MannorFmAltonBarnes	Yes	Yes	0.8798767967145791
203	WINDMILL_farm	Parsonage_down_reversion	Yes	Yes	0.8791208791208791
204	WINDMILL_farm	Stonehenge_2000_2017a	Yes	Yes	0.84399375975039
205	WINDMILL_farm	Stonehenge_2002_2017	Yes	Yes	0.8735632183908046
206	WINDMILL_farm	Stonehenge_2007_2016	Yes	Yes	0.860128617363344
207	WINDMILL_farm	Stonehenge_2010	Yes	Yes	0.8397534668721109
208	WINDMILL_farm	Stonehenge_2011	Yes	Yes	0.8708791208791209
209	WINDMILL_farm	StowellFarms_1_adj	Yes	Yes	0.914396887159533
210	Baltic_farm_2	HARLEY_FARMS_new2b	Yes	No	0.928125
211	Baltic_farm_2	Jemma_6	Yes	No	0.854251012145749
212	Baltic_farm_2	Jemma_7	Yes	No	0.7931034482758621
213	Baltic_farm_2	Jemma_9	Yes	No	0.7875647668393783
214	Baltic_farm_2	Lardon_Chase_The_Holies_motorcycle	Yes	No	0.8651162790697674
215	Baltic_farm_2	NorringtonMannorFm_1	Yes	No	0.8640483383685801
216	Baltic_farm_2	NorringtonMannorFm_2	Yes	No	0.8888888888888888
217	Baltic_farm_2	RSPB_Mainline	Yes	No	0.9013157894736842
218	Baltic_farm_2	RSPB_churchil	Yes	No	0.8669201520912547
219	Baltic_farm_2	RSPB_junction	Yes	No	0.8783269961977186
220	Baltic_farm_2	Stonehenge_2005	Yes	No	0.896457765667575
221	Baltic_farm_2	Stonehenge_2009	Yes	No	0.9148936170212766
222	Baltic_farm_2	Stratton_Wood	Yes	No	0.8785425101214575
223	Baltic_farm_2	TARGET_MartinDown	Yes	No	0.9341772151898734
224	Baltic_farm_2	TARGET_ParsonageDown	Yes	No	0.9313304721030042
225	Baltic_farm_2	ThropeManor_3	Yes	No	0.8914473684210527
226	Baltic_farm_2	TownsendFarm_1	Yes	No	0.8848314606741573
227	Baltic_farm_2	TownsendFarm_2	Yes	No	0.7943262411347518
228	Baltic_farm_2	TownsendFarm_3_big	Yes	No	0.8690095846645367
229	Baltic_farm_2	Watlington_natural_reversion	Yes	No	0.9340659340659341
230	Baltic_farm_2	WestEndFarm	Yes	No	0.7795275590551181
231	Baltic_farm_2	Whitelands_2018_19	Yes	No	0.9109195402298851
232	BigleyFm_1	HARLEY_FARMS_new2b	Yes	No	0.8793969849246231
233	BigleyFm_1	Jemma_6	Yes	No	0.8159509202453987
234	BigleyFm_1	Jemma_7	Yes	No	0.7958477508650519
235	BigleyFm_1	Jemma_9	Yes	No	0.7088122605363985
236	BigleyFm_1	Lardon_Chase_The_Holies_motorcycle	Yes	No	0.8197278911564626
237	BigleyFm_1	NorringtonMannorFm_1	Yes	No	0.7686375321336761
238	BigleyFm_1	NorringtonMannorFm_2	Yes	No	0.7593123209169055
239	BigleyFm_1	RSPB_Mainline	Yes	No	0.8469656992084432
240	BigleyFm_1	RSPB_churchil	Yes	No	0.8343023255813954
241	BigleyFm_1	RSPB_junction	Yes	No	0.7639751552795031
242	BigleyFm_1	Stonehenge_2005	Yes	No	0.8018867924528302
243	BigleyFm_1	Stonehenge_2009	Yes	No	0.8316008316008316
244	BigleyFm_1	Stratton_Wood	Yes	No	0.7936507936507936
245	BigleyFm_1	TARGET_MartinDown	Yes	No	0.8117913832199547
246	BigleyFm_1	TARGET_ParsonageDown	Yes	No	0.8169291338582677
247	BigleyFm_1	ThropeManor_3	Yes	No	0.7945205479452054
248	BigleyFm_1	TownsendFarm_1	Yes	No	0.7980769230769231
249	BigleyFm_1	TownsendFarm_2	Yes	No	0.8481012658227848
250	BigleyFm_1	TownsendFarm_3_big	Yes	No	0.7877984084880637
251	BigleyFm_1	Watlington_natural_reversion	Yes	No	0.833729216152019
252	BigleyFm_1	WestEndFarm	Yes	No	0.8733624454148472
253	BigleyFm_1	Whitelands_2018_19	Yes	No	0.8894009216589862
254	BigleyFm_2	HARLEY_FARMS_new2b	Yes	No	0.8665207877461707
255	BigleyFm_2	Jemma_6	Yes	No	0.8103896103896104
256	BigleyFm_2	Jemma_7	Yes	No	0.7537091988130564
257	BigleyFm_2	Jemma_9	Yes	No	0.7376543209876543
258	BigleyFm_2	Lardon_Chase_The_Holies_motorcycle	Yes	No	0.8425414364640884
259	BigleyFm_2	NorringtonMannorFm_1	Yes	No	0.672289156626506
260	BigleyFm_2	NorringtonMannorFm_2	Yes	No	0.7889688249400479
261	BigleyFm_2	RSPB_Mainline	Yes	No	0.8217592592592593
262	BigleyFm_2	RSPB_churchil	Yes	No	0.8204488778054863
263	BigleyFm_2	RSPB_junction	Yes	No	0.7631578947368421
264	BigleyFm_2	Stonehenge_2005	Yes	No	0.7966804979253111
265	BigleyFm_2	Stonehenge_2009	Yes	No	0.7969639468690702
266	BigleyFm_2	Stratton_Wood	Yes	No	0.8167539267015707
267	BigleyFm_2	TARGET_MartinDown	Yes	No	0.8404669260700389
268	BigleyFm_2	TARGET_ParsonageDown	Yes	No	0.802491103202847
269	BigleyFm_2	ThropeManor_3	Yes	No	0.72
270	BigleyFm_2	TownsendFarm_1	Yes	No	0.6820276497695853
271	BigleyFm_2	TownsendFarm_2	Yes	No	0.8461538461538461
272	BigleyFm_2	TownsendFarm_3_big	Yes	No	0.6401028277634961
273	BigleyFm_2	Watlington_natural_reversion	Yes	No	0.8807157057654076
274	BigleyFm_2	WestEndFarm	Yes	No	0.8737201365187713
275	BigleyFm_2	Whitelands_2018_19	Yes	No	0.8624229979466119
276	ChurchFarm	HARLEY_FARMS_new2b	Yes	No	0.8240963855421687
277	ChurchFarm	Jemma_6	Yes	No	0.7840909090909091
278	ChurchFarm	Jemma_7	Yes	No	0.7459807073954984
279	ChurchFarm	Jemma_9	Yes	No	0.7891373801916933
280	ChurchFarm	Lardon_Chase_The_Holies_motorcycle	Yes	No	0.849112426035503
281	ChurchFarm	NorringtonMannorFm_1	Yes	No	0.7855477855477856
282	ChurchFarm	NorringtonMannorFm_2	Yes	No	0.8498789346246973
283	ChurchFarm	RSPB_Mainline	Yes	No	0.7526041666666666
284	ChurchFarm	RSPB_churchil	Yes	No	0.7342857142857143
285	ChurchFarm	RSPB_junction	Yes	No	0.7570621468926554
286	ChurchFarm	Stonehenge_2005	Yes	No	0.7991266375545851
287	ChurchFarm	Stonehenge_2009	Yes	No	0.8226120857699805
288	ChurchFarm	Stratton_Wood	Yes	No	0.807909604519774
289	ChurchFarm	TARGET_MartinDown	Yes	No	0.9031007751937985
290	ChurchFarm	TARGET_ParsonageDown	Yes	No	0.8699472759226714
291	ChurchFarm	ThropeManor_3	Yes	No	0.7766497461928934
292	ChurchFarm	TownsendFarm_1	Yes	No	0.7955555555555556
293	ChurchFarm	TownsendFarm_2	Yes	No	0.8068181818181818
294	ChurchFarm	TownsendFarm_3_big	Yes	No	0.80622009569378
295	ChurchFarm	Watlington_natural_reversion	Yes	No	0.9100204498977505
296	ChurchFarm	WestEndFarm	Yes	No	0.828125
297	ChurchFarm	Whitelands_2018_19	Yes	No	0.7757009345794392
298	DRUIDS	HARLEY_FARMS_new2b	Yes	No	0.8192219679633868
299	DRUIDS	Jemma_6	Yes	No	0.8367346938775511
300	DRUIDS	Jemma_7	Yes	No	0.7988505747126436
301	DRUIDS	Jemma_9	Yes	No	0.8202898550724638
302	DRUIDS	Lardon_Chase_The_Holies_motorcycle	Yes	No	0.835195530726257
303	DRUIDS	NorringtonMannorFm_1	Yes	No	0.7465753424657534
304	DRUIDS	NorringtonMannorFm_2	Yes	No	0.8052256532066508
305	DRUIDS	RSPB_Mainline	Yes	No	0.8154205607476636
306	DRUIDS	RSPB_churchil	Yes	No	0.8283582089552238
307	DRUIDS	RSPB_junction	Yes	No	0.7780678851174935
308	DRUIDS	Stonehenge_2005	Yes	No	0.8082474226804124
309	DRUIDS	Stonehenge_2009	Yes	No	0.8274582560296846
310	DRUIDS	Stratton_Wood	Yes	No	0.8
311	DRUIDS	TARGET_MartinDown	Yes	No	0.8813559322033898
312	DRUIDS	TARGET_ParsonageDown	Yes	No	0.8470790378006873
313	DRUIDS	ThropeManor_3	Yes	No	0.7621359223300971
314	DRUIDS	TownsendFarm_1	Yes	No	0.7846481876332623
315	DRUIDS	TownsendFarm_2	Yes	No	0.8412162162162162
316	DRUIDS	TownsendFarm_3_big	Yes	No	0.7686915887850467
317	DRUIDS	Watlington_natural_reversion	Yes	No	0.9085603112840467
318	DRUIDS	WestEndFarm	Yes	No	0.8767123287671232
319	DRUIDS	Whitelands_2018_19	Yes	No	0.8547717842323651
320	HARLEY_FARMS_Chittern	HARLEY_FARMS_new2b	Yes	No	0.8700657894736842
321	HARLEY_FARMS_Chittern	Jemma_6	Yes	No	0.7825242718446602
322	HARLEY_FARMS_Chittern	Jemma_7	Yes	No	0.7729166666666667
323	HARLEY_FARMS_Chittern	Jemma_9	Yes	No	0.8252032520325203
324	HARLEY_FARMS_Chittern	Lardon_Chase_The_Holies_motorcycle	Yes	No	0.84251968503937
325	HARLEY_FARMS_Chittern	NorringtonMannorFm_1	Yes	No	0.7456445993031359
326	HARLEY_FARMS_Chittern	NorringtonMannorFm_2	Yes	No	0.8133802816901409
327	HARLEY_FARMS_Chittern	RSPB_Mainline	Yes	No	0.7582417582417582
328	HARLEY_FARMS_Chittern	RSPB_churchil	Yes	No	0.7863894139886578
329	HARLEY_FARMS_Chittern	RSPB_junction	Yes	No	0.7495107632093934
330	HARLEY_FARMS_Chittern	Stonehenge_2005	Yes	No	0.7152658662092625
331	HARLEY_FARMS_Chittern	Stonehenge_2009	Yes	No	0.7213375796178344
332	HARLEY_FARMS_Chittern	Stratton_Wood	Yes	No	0.8126195028680688
333	HARLEY_FARMS_Chittern	TARGET_MartinDown	Yes	No	0.8992805755395683
334	HARLEY_FARMS_Chittern	TARGET_ParsonageDown	Yes	No	0.8190743338008415
335	HARLEY_FARMS_Chittern	ThropeManor_3	Yes	No	0.7126654064272212
336	HARLEY_FARMS_Chittern	TownsendFarm_1	Yes	No	0.6884955752212389
337	HARLEY_FARMS_Chittern	TownsendFarm_2	Yes	No	0.8552338530066815
338	HARLEY_FARMS_Chittern	TownsendFarm_3_big	Yes	No	0.6805293005671077
339	HARLEY_FARMS_Chittern	Watlington_natural_reversion	Yes	No	0.905829596412556
340	HARLEY_FARMS_Chittern	WestEndFarm	Yes	No	0.8811659192825112
341	HARLEY_FARMS_Chittern	Whitelands_2018_19	Yes	No	0.7970049916805324
342	HARLEY_FARMS_New1	HARLEY_FARMS_new2b	Yes	No	0.7202643171806168
343	HARLEY_FARMS_New1	Jemma_6	Yes	No	0.8698481561822126
344	HARLEY_FARMS_New1	Jemma_7	Yes	No	0.8219512195121951
345	HARLEY_FARMS_New1	Jemma_9	Yes	No	0.8761904761904762
346	HARLEY_FARMS_New1	Lardon_Chase_The_Holies_motorcycle	Yes	No	0.8842592592592593
347	HARLEY_FARMS_New1	NorringtonMannorFm_1	Yes	No	0.8371212121212122
348	HARLEY_FARMS_New1	NorringtonMannorFm_2	Yes	No	0.8862745098039215
349	HARLEY_FARMS_New1	RSPB_Mainline	Yes	No	0.7725321888412017
350	HARLEY_FARMS_New1	RSPB_churchil	Yes	No	0.8167770419426048
351	HARLEY_FARMS_New1	RSPB_junction	Yes	No	0.8438177874186551
352	HARLEY_FARMS_New1	Stonehenge_2005	Yes	No	0.8287795992714025
353	HARLEY_FARMS_New1	Stonehenge_2009	Yes	No	0.8363939899833055
354	HARLEY_FARMS_New1	Stratton_Wood	Yes	No	0.8426966292134831
355	HARLEY_FARMS_New1	TARGET_MartinDown	Yes	No	0.914332784184514
356	HARLEY_FARMS_New1	TARGET_ParsonageDown	Yes	No	0.9047619047619048
357	HARLEY_FARMS_New1	ThropeManor_3	Yes	No	0.8407258064516129
358	HARLEY_FARMS_New1	TownsendFarm_1	Yes	No	0.8348623853211009
359	HARLEY_FARMS_New1	TownsendFarm_2	Yes	No	0.888283378746594
360	HARLEY_FARMS_New1	TownsendFarm_3_big	Yes	No	0.8414872798434442
361	HARLEY_FARMS_New1	Watlington_natural_reversion	Yes	No	0.9425675675675675
362	HARLEY_FARMS_New1	WestEndFarm	Yes	No	0.8338278931750742
363	HARLEY_FARMS_New1	Whitelands_2018_19	Yes	No	0.7684630738522954
364	HomeFarm_WoodlandTrust_Hampshire_good_1c	HARLEY_FARMS_new2b	Yes	No	0.8776041666666666
365	HomeFarm_WoodlandTrust_Hampshire_good_1c	Jemma_6	Yes	No	0.930835734870317
366	HomeFarm_WoodlandTrust_Hampshire_good_1c	Jemma_7	Yes	No	0.9223300970873787
367	HomeFarm_WoodlandTrust_Hampshire_good_1c	Jemma_9	Yes	No	0.8972602739726028
368	HomeFarm_WoodlandTrust_Hampshire_good_1c	Lardon_Chase_The_Holies_motorcycle	Yes	No	0.932475884244373
369	HomeFarm_WoodlandTrust_Hampshire_good_1c	NorringtonMannorFm_1	Yes	No	0.9209302325581395
370	HomeFarm_WoodlandTrust_Hampshire_good_1c	NorringtonMannorFm_2	Yes	No	0.9282051282051282
371	HomeFarm_WoodlandTrust_Hampshire_good_1c	RSPB_Mainline	Yes	No	0.9370277078085643
372	HomeFarm_WoodlandTrust_Hampshire_good_1c	RSPB_churchil	Yes	No	0.9337016574585635
373	HomeFarm_WoodlandTrust_Hampshire_good_1c	RSPB_junction	Yes	No	0.9180790960451978
374	HomeFarm_WoodlandTrust_Hampshire_good_1c	Stonehenge_2005	Yes	No	0.9282608695652174
375	HomeFarm_WoodlandTrust_Hampshire_good_1c	Stonehenge_2009	Yes	No	0.939922480620155
376	HomeFarm_WoodlandTrust_Hampshire_good_1c	Stratton_Wood	Yes	No	0.9006024096385542
377	HomeFarm_WoodlandTrust_Hampshire_good_1c	TARGET_MartinDown	Yes	No	0.9193205944798302
378	HomeFarm_WoodlandTrust_Hampshire_good_1c	TARGET_ParsonageDown	Yes	No	0.947935368043088
379	HomeFarm_WoodlandTrust_Hampshire_good_1c	ThropeManor_3	Yes	No	0.9213197969543148
380	HomeFarm_WoodlandTrust_Hampshire_good_1c	TownsendFarm_1	Yes	No	0.9293598233995585
381	HomeFarm_WoodlandTrust_Hampshire_good_1c	TownsendFarm_2	Yes	No	0.9294605809128631
382	HomeFarm_WoodlandTrust_Hampshire_good_1c	TownsendFarm_3_big	Yes	No	0.9219512195121952
383	HomeFarm_WoodlandTrust_Hampshire_good_1c	Watlington_natural_reversion	Yes	No	0.9469026548672567
384	HomeFarm_WoodlandTrust_Hampshire_good_1c	WestEndFarm	Yes	No	0.9388646288209607
385	HomeFarm_WoodlandTrust_Hampshire_good_1c	Whitelands_2018_19	Yes	No	0.9481981981981982
386	HorntonHouseFarm_1_parallel	HARLEY_FARMS_new2b	Yes	No	0.8611898016997167
387	HorntonHouseFarm_1_parallel	Jemma_6	Yes	No	0.7785714285714286
388	HorntonHouseFarm_1_parallel	Jemma_7	Yes	No	0.7280334728033473
389	HorntonHouseFarm_1_parallel	Jemma_9	Yes	No	0.7942386831275721
390	HorntonHouseFarm_1_parallel	Lardon_Chase_The_Holies_motorcycle	Yes	No	0.81640625
391	HorntonHouseFarm_1_parallel	NorringtonMannorFm_1	Yes	No	0.804945054945055
392	HorntonHouseFarm_1_parallel	NorringtonMannorFm_2	Yes	No	0.8658892128279884
393	HorntonHouseFarm_1_parallel	RSPB_Mainline	Yes	No	0.7907692307692308
394	HorntonHouseFarm_1_parallel	RSPB_churchil	Yes	No	0.7773972602739726
395	HorntonHouseFarm_1_parallel	RSPB_junction	Yes	No	0.7876712328767124
396	HorntonHouseFarm_1_parallel	Stonehenge_2005	Yes	No	0.8163265306122449
397	HorntonHouseFarm_1_parallel	Stonehenge_2009	Yes	No	0.8411633109619687
398	HorntonHouseFarm_1_parallel	Stratton_Wood	Yes	No	0.8333333333333334
399	HorntonHouseFarm_1_parallel	TARGET_MartinDown	Yes	No	0.9309576837416481
400	HorntonHouseFarm_1_parallel	TARGET_ParsonageDown	Yes	No	0.8904382470119522
401	HorntonHouseFarm_1_parallel	ThropeManor_3	Yes	No	0.7926829268292683
402	HorntonHouseFarm_1_parallel	TownsendFarm_1	Yes	No	0.784
403	HorntonHouseFarm_1_parallel	TownsendFarm_2	Yes	No	0.7486338797814208
404	HorntonHouseFarm_1_parallel	TownsendFarm_3_big	Yes	No	0.8132183908045977
405	HorntonHouseFarm_1_parallel	Watlington_natural_reversion	Yes	No	0.9228915662650602
406	HorntonHouseFarm_1_parallel	WestEndFarm	Yes	No	0.7771428571428571
407	HorntonHouseFarm_1_parallel	Whitelands_2018_19	Yes	No	0.8032786885245902
408	Jemma_1	HARLEY_FARMS_new2b	Yes	No	0.8705035971223022
409	Jemma_1	Jemma_6	Yes	No	0.7583081570996979
410	Jemma_1	Jemma_7	Yes	No	0.7226027397260274
411	Jemma_1	Jemma_9	Yes	No	0.6691176470588235
412	Jemma_1	Lardon_Chase_The_Holies_motorcycle	Yes	No	0.8152866242038217
413	Jemma_1	NorringtonMannorFm_1	Yes	No	0.7272727272727273
414	Jemma_1	NorringtonMannorFm_2	Yes	No	0.7554347826086957
415	Jemma_1	RSPB_Mainline	Yes	No	0.7777777777777778
416	Jemma_1	RSPB_churchil	Yes	No	0.7543859649122807
417	Jemma_1	RSPB_junction	Yes	No	0.7181818181818181
418	Jemma_1	Stonehenge_2005	Yes	No	0.7604651162790698
419	Jemma_1	Stonehenge_2009	Yes	No	0.7921810699588477
420	Jemma_1	Stratton_Wood	Yes	No	0.7538461538461538
421	Jemma_1	TARGET_MartinDown	Yes	No	0.8442105263157895
422	Jemma_1	TARGET_ParsonageDown	Yes	No	0.8233082706766918
423	Jemma_1	ThropeManor_3	Yes	No	0.7364130434782609
424	Jemma_1	TownsendFarm_1	Yes	No	0.7163814180929096
425	Jemma_1	TownsendFarm_2	Yes	No	0.8449612403100775
426	Jemma_1	TownsendFarm_3_big	Yes	No	0.7282321899736148
427	Jemma_1	Watlington_natural_reversion	Yes	No	0.8482142857142857
428	Jemma_1	WestEndFarm	Yes	No	0.8495934959349594
429	Jemma_1	Whitelands_2018_19	Yes	No	0.8477272727272728
430	Jemma_2	HARLEY_FARMS_new2b	Yes	No	0.8362282878411911
431	Jemma_2	Jemma_6	Yes	No	0.7097791798107256
432	Jemma_2	Jemma_7	Yes	No	0.6797153024911032
433	Jemma_2	Jemma_9	Yes	No	0.7096774193548387
434	Jemma_2	Lardon_Chase_The_Holies_motorcycle	Yes	No	0.7947882736156352
435	Jemma_2	NorringtonMannorFm_1	Yes	No	0.7418546365914787
436	Jemma_2	NorringtonMannorFm_2	Yes	No	0.8125
437	Jemma_2	RSPB_Mainline	Yes	No	0.7465940054495913
438	Jemma_2	RSPB_churchil	Yes	No	0.7529411764705882
439	Jemma_2	RSPB_junction	Yes	No	0.7470238095238095
440	Jemma_2	Stonehenge_2005	Yes	No	0.7564402810304449
441	Jemma_2	Stonehenge_2009	Yes	No	0.7938144329896907
442	Jemma_2	Stratton_Wood	Yes	No	0.786144578313253
443	Jemma_2	TARGET_MartinDown	Yes	No	0.8790983606557377
444	Jemma_2	TARGET_ParsonageDown	Yes	No	0.8248587570621468
445	Jemma_2	ThropeManor_3	Yes	No	0.7452574525745257
446	Jemma_2	TownsendFarm_1	Yes	No	0.7305825242718447
447	Jemma_2	TownsendFarm_2	Yes	No	0.8064516129032258
448	Jemma_2	TownsendFarm_3_big	Yes	No	0.7368421052631579
449	Jemma_2	Watlington_natural_reversion	Yes	No	0.8946236559139785
450	Jemma_2	WestEndFarm	Yes	No	0.8042553191489362
451	Jemma_2	Whitelands_2018_19	Yes	No	0.7976190476190477
452	Knepp_Pond_field	HARLEY_FARMS_new2b	Yes	No	0.9350104821802935
453	Knepp_Pond_field	Jemma_6	Yes	No	0.9605568445475638
454	Knepp_Pond_field	Jemma_7	Yes	No	0.9460154241645244
455	Knepp_Pond_field	Jemma_9	Yes	No	0.9472295514511874
456	Knepp_Pond_field	Lardon_Chase_The_Holies_motorcycle	Yes	No	0.9485861182519281
457	Knepp_Pond_field	NorringtonMannorFm_1	Yes	No	0.9350393700787402
458	Knepp_Pond_field	NorringtonMannorFm_2	Yes	No	0.9534883720930233
459	Knepp_Pond_field	RSPB_Mainline	Yes	No	0.9604166666666667
460	Knepp_Pond_field	RSPB_churchil	Yes	No	0.9595505617977528
461	Knepp_Pond_field	RSPB_junction	Yes	No	0.944954128440367
462	Knepp_Pond_field	Stonehenge_2005	Yes	No	0.9405204460966543
463	Knepp_Pond_field	Stonehenge_2009	Yes	No	0.9512605042016806
464	Knepp_Pond_field	Stratton_Wood	Yes	No	0.9425837320574163
465	Knepp_Pond_field	TARGET_MartinDown	Yes	No	0.9364791288566243
466	Knepp_Pond_field	TARGET_ParsonageDown	Yes	No	0.9408945686900958
467	Knepp_Pond_field	ThropeManor_3	Yes	No	0.9386892177589852
468	Knepp_Pond_field	TownsendFarm_1	Yes	No	0.9416195856873822
469	Knepp_Pond_field	TownsendFarm_2	Yes	No	0.953125
470	Knepp_Pond_field	TownsendFarm_3_big	Yes	No	0.9232365145228216
471	Knepp_Pond_field	Watlington_natural_reversion	Yes	No	0.9546313799621928
472	Knepp_Pond_field	WestEndFarm	Yes	No	0.967741935483871
473	Knepp_Pond_field	Whitelands_2018_19	Yes	No	0.9578544061302682
474	MannorFmAltonBarnes	HARLEY_FARMS_new2b	Yes	No	0.8974358974358975
475	MannorFmAltonBarnes	Jemma_6	Yes	No	0.8727735368956743
476	MannorFmAltonBarnes	Jemma_7	Yes	No	0.8632707774798928
477	MannorFmAltonBarnes	Jemma_9	Yes	No	0.9044502617801047
478	MannorFmAltonBarnes	Lardon_Chase_The_Holies_motorcycle	Yes	No	0.9182630906768838
479	MannorFmAltonBarnes	NorringtonMannorFm_1	Yes	No	0.8549707602339182
480	MannorFmAltonBarnes	NorringtonMannorFm_2	Yes	No	0.8932384341637011
481	MannorFmAltonBarnes	RSPB_Mainline	Yes	No	0.8403465346534653
482	MannorFmAltonBarnes	RSPB_churchil	Yes	No	0.8492975734355045
483	MannorFmAltonBarnes	RSPB_junction	Yes	No	0.8575063613231552
484	MannorFmAltonBarnes	Stonehenge_2005	Yes	No	0.8440366972477065
485	MannorFmAltonBarnes	Stonehenge_2009	Yes	No	0.838074398249453
486	MannorFmAltonBarnes	Stratton_Wood	Yes	No	0.8732394366197183
487	MannorFmAltonBarnes	TARGET_MartinDown	Yes	No	0.9465020576131687
488	MannorFmAltonBarnes	TARGET_ParsonageDown	Yes	No	0.9077380952380952
489	MannorFmAltonBarnes	ThropeManor_3	Yes	No	0.8633615477629988
490	MannorFmAltonBarnes	TownsendFarm_1	Yes	No	0.8584474885844748
491	MannorFmAltonBarnes	TownsendFarm_2	Yes	No	0.9050991501416431
492	MannorFmAltonBarnes	TownsendFarm_3_big	Yes	No	0.8607142857142858
493	MannorFmAltonBarnes	Watlington_natural_reversion	Yes	No	0.9479830148619958
494	MannorFmAltonBarnes	WestEndFarm	Yes	No	0.9293785310734464
495	MannorFmAltonBarnes	Whitelands_2018_19	Yes	No	0.8140096618357487
496	Parsonage_down_reversion	HARLEY_FARMS_new2b	Yes	No	0.9099616858237548
497	Parsonage_down_reversion	Jemma_6	Yes	No	0.8271889400921659
498	Parsonage_down_reversion	Jemma_7	Yes	No	0.8312655086848635
499	Parsonage_down_reversion	Jemma_9	Yes	No	0.8113695090439277
500	Parsonage_down_reversion	Lardon_Chase_The_Holies_motorcycle	Yes	No	0.810126582278481
501	Parsonage_down_reversion	NorringtonMannorFm_1	Yes	No	0.8196078431372549
502	Parsonage_down_reversion	NorringtonMannorFm_2	Yes	No	0.8440748440748441
503	Parsonage_down_reversion	RSPB_Mainline	Yes	No	0.8548057259713702
504	Parsonage_down_reversion	RSPB_churchil	Yes	No	0.8224719101123595
505	Parsonage_down_reversion	RSPB_junction	Yes	No	0.8077803203661327
506	Parsonage_down_reversion	Stonehenge_2005	Yes	No	0.7651663405088063
507	Parsonage_down_reversion	Stonehenge_2009	Yes	No	0.7961335676625659
508	Parsonage_down_reversion	Stratton_Wood	Yes	No	0.8220140515222483
509	Parsonage_down_reversion	TARGET_MartinDown	Yes	No	0.8405017921146953
510	Parsonage_down_reversion	TARGET_ParsonageDown	Yes	No	0.6666666666666666
511	Parsonage_down_reversion	ThropeManor_3	Yes	No	0.8072033898305084
512	Parsonage_down_reversion	TownsendFarm_1	Yes	No	0.7638888888888888
513	Parsonage_down_reversion	TownsendFarm_2	Yes	No	0.8685714285714285
514	Parsonage_down_reversion	TownsendFarm_3_big	Yes	No	0.7526881720430108
515	Parsonage_down_reversion	Watlington_natural_reversion	Yes	No	0.8436911487758946
516	Parsonage_down_reversion	WestEndFarm	Yes	No	0.9020172910662824
517	Parsonage_down_reversion	Whitelands_2018_19	Yes	No	0.8670411985018727
518	Stonehenge_2000_2017a	HARLEY_FARMS_new2b	Yes	No	0.8690702087286527
519	Stonehenge_2000_2017a	Jemma_6	Yes	No	0.7845804988662132
520	Stonehenge_2000_2017a	Jemma_7	Yes	No	0.7912621359223301
521	Stonehenge_2000_2017a	Jemma_9	Yes	No	0.7855361596009975
522	Stonehenge_2000_2017a	Lardon_Chase_The_Holies_motorcycle	Yes	No	0.8194774346793349
523	Stonehenge_2000_2017a	NorringtonMannorFm_1	Yes	No	0.7666666666666667
524	Stonehenge_2000_2017a	NorringtonMannorFm_2	Yes	No	0.8004115226337448
525	Stonehenge_2000_2017a	RSPB_Mainline	Yes	No	0.7821576763485477
526	Stonehenge_2000_2017a	RSPB_churchil	Yes	No	0.7096018735362998
527	Stonehenge_2000_2017a	RSPB_junction	Yes	No	0.6826923076923077
528	Stonehenge_2000_2017a	Stonehenge_2005	Yes	No	0.6291666666666667
529	Stonehenge_2000_2017a	Stonehenge_2009	Yes	No	0.7054545454545454
530	Stonehenge_2000_2017a	Stratton_Wood	Yes	No	0.7927107061503417
531	Stonehenge_2000_2017a	TARGET_MartinDown	Yes	No	0.8672268907563025
532	Stonehenge_2000_2017a	TARGET_ParsonageDown	Yes	No	0.8117088607594937
533	Stonehenge_2000_2017a	ThropeManor_3	Yes	No	0.728448275862069
534	Stonehenge_2000_2017a	TownsendFarm_1	Yes	No	0.7619047619047619
535	Stonehenge_2000_2017a	TownsendFarm_2	Yes	No	0.8839050131926122
536	Stonehenge_2000_2017a	TownsendFarm_3_big	Yes	No	0.7637474541751528
537	Stonehenge_2000_2017a	Watlington_natural_reversion	Yes	No	0.857397504456328
538	Stonehenge_2000_2017a	WestEndFarm	Yes	No	0.8943089430894309
539	Stonehenge_2000_2017a	Whitelands_2018_19	Yes	No	0.8252788104089219
540	Stonehenge_2002_2017	HARLEY_FARMS_new2b	Yes	No	0.8799171842650103
541	Stonehenge_2002_2017	Jemma_6	Yes	No	0.7884130982367759
542	Stonehenge_2002_2017	Jemma_7	Yes	No	0.748587570621469
543	Stonehenge_2002_2017	Jemma_9	Yes	No	0.8066298342541437
544	Stonehenge_2002_2017	Lardon_Chase_The_Holies_motorcycle	Yes	No	0.8086253369272237
545	Stonehenge_2002_2017	NorringtonMannorFm_1	Yes	No	0.7735042735042735
546	Stonehenge_2002_2017	NorringtonMannorFm_2	Yes	No	0.8054298642533937
547	Stonehenge_2002_2017	RSPB_Mainline	Yes	No	0.782608695652174
548	Stonehenge_2002_2017	RSPB_churchil	Yes	No	0.731457800511509
549	Stonehenge_2002_2017	RSPB_junction	Yes	No	0.7227979274611399
550	Stonehenge_2002_2017	Stonehenge_2005	Yes	No	0.66
551	Stonehenge_2002_2017	Stonehenge_2009	Yes	No	0.7041420118343196
552	Stonehenge_2002_2017	Stratton_Wood	Yes	No	0.8065326633165829
553	Stonehenge_2002_2017	TARGET_MartinDown	Yes	No	0.8683729433272395
554	Stonehenge_2002_2017	TARGET_ParsonageDown	Yes	No	0.8243243243243243
555	Stonehenge_2002_2017	ThropeManor_3	Yes	No	0.7292161520190024
556	Stonehenge_2002_2017	TownsendFarm_1	Yes	No	0.7782340862422998
557	Stonehenge_2002_2017	TownsendFarm_2	Yes	No	0.8711656441717791
558	Stonehenge_2002_2017	TownsendFarm_3_big	Yes	No	0.7868131868131868
559	Stonehenge_2002_2017	Watlington_natural_reversion	Yes	No	0.8838095238095238
560	Stonehenge_2002_2017	WestEndFarm	Yes	No	0.8793650793650793
561	Stonehenge_2002_2017	Whitelands_2018_19	Yes	No	0.824847250509165
562	Stonehenge_2007_2016	HARLEY_FARMS_new2b	Yes	No	0.8536585365853658
563	Stonehenge_2007_2016	Jemma_6	Yes	No	0.7884615384615384
564	Stonehenge_2007_2016	Jemma_7	Yes	No	0.7540106951871658
565	Stonehenge_2007_2016	Jemma_9	Yes	No	0.7635869565217391
566	Stonehenge_2007_2016	Lardon_Chase_The_Holies_motorcycle	Yes	No	0.8287153652392947
567	Stonehenge_2007_2016	NorringtonMannorFm_1	Yes	No	0.7457983193277311
568	Stonehenge_2007_2016	NorringtonMannorFm_2	Yes	No	0.789010989010989
569	Stonehenge_2007_2016	RSPB_Mainline	Yes	No	0.7357630979498861
570	Stonehenge_2007_2016	RSPB_churchil	Yes	No	0.7372262773722628
571	Stonehenge_2007_2016	RSPB_junction	Yes	No	0.696969696969697
572	Stonehenge_2007_2016	Stonehenge_2005	Yes	No	0.5373831775700935
573	Stonehenge_2007_2016	Stonehenge_2009	Yes	No	0.559322033898305
574	Stonehenge_2007_2016	Stratton_Wood	Yes	No	0.7971014492753623
575	Stonehenge_2007_2016	TARGET_MartinDown	Yes	No	0.8717047451669596
576	Stonehenge_2007_2016	TARGET_ParsonageDown	Yes	No	0.8036605657237936
577	Stonehenge_2007_2016	ThropeManor_3	Yes	No	0.7544642857142857
578	Stonehenge_2007_2016	TownsendFarm_1	Yes	No	0.7361963190184049
579	Stonehenge_2007_2016	TownsendFarm_2	Yes	No	0.869942196531792
580	Stonehenge_2007_2016	TownsendFarm_3_big	Yes	No	0.75
581	Stonehenge_2007_2016	Watlington_natural_reversion	Yes	No	0.8846153846153846
582	Stonehenge_2007_2016	WestEndFarm	Yes	No	0.874251497005988
583	Stonehenge_2007_2016	Whitelands_2018_19	Yes	No	0.8071570576540755
584	Stonehenge_2010	HARLEY_FARMS_new2b	Yes	No	0.8635514018691589
585	Stonehenge_2010	Jemma_6	Yes	No	0.8138528138528138
586	Stonehenge_2010	Jemma_7	Yes	No	0.7344913151364765
587	Stonehenge_2010	Jemma_9	Yes	No	0.7679012345679013
588	Stonehenge_2010	Lardon_Chase_The_Holies_motorcycle	Yes	No	0.8587443946188341
589	Stonehenge_2010	NorringtonMannorFm_1	Yes	No	0.720558882235529
590	Stonehenge_2010	NorringtonMannorFm_2	Yes	No	0.797979797979798
591	Stonehenge_2010	RSPB_Mainline	Yes	No	0.7415966386554622
592	Stonehenge_2010	RSPB_churchil	Yes	No	0.7680525164113785
593	Stonehenge_2010	RSPB_junction	Yes	No	0.7387387387387387
594	Stonehenge_2010	Stonehenge_2005	Yes	No	0.6354378818737271
595	Stonehenge_2010	Stonehenge_2009	Yes	No	0.6617375231053605
596	Stonehenge_2010	Stratton_Wood	Yes	No	0.8293736501079914
597	Stonehenge_2010	TARGET_MartinDown	Yes	No	0.8547579298831386
598	Stonehenge_2010	TARGET_ParsonageDown	Yes	No	0.8096723868954758
599	Stonehenge_2010	ThropeManor_3	Yes	No	0.7714285714285715
600	Stonehenge_2010	TownsendFarm_1	Yes	No	0.7390476190476191
601	Stonehenge_2010	TownsendFarm_2	Yes	No	0.8903061224489796
602	Stonehenge_2010	TownsendFarm_3_big	Yes	No	0.7104166666666667
603	Stonehenge_2010	Watlington_natural_reversion	Yes	No	0.8837606837606837
604	Stonehenge_2010	WestEndFarm	Yes	No	0.8770053475935828
605	Stonehenge_2010	Whitelands_2018_19	Yes	No	0.8205128205128205
606	Stonehenge_2011	HARLEY_FARMS_new2b	Yes	No	0.8659966499162479
607	Stonehenge_2011	Jemma_6	Yes	No	0.8202676864244742
608	Stonehenge_2011	Jemma_7	Yes	No	0.7358078602620087
609	Stonehenge_2011	Jemma_9	Yes	No	0.8092243186582809
610	Stonehenge_2011	Lardon_Chase_The_Holies_motorcycle	Yes	No	0.8644400785854617
611	Stonehenge_2011	NorringtonMannorFm_1	Yes	No	0.7758620689655172
612	Stonehenge_2011	NorringtonMannorFm_2	Yes	No	0.8289241622574955
613	Stonehenge_2011	RSPB_Mainline	Yes	No	0.7324478178368121
614	Stonehenge_2011	RSPB_churchil	Yes	No	0.7938931297709924
615	Stonehenge_2011	RSPB_junction	Yes	No	0.751984126984127
616	Stonehenge_2011	Stonehenge_2005	Yes	No	0.6489945155393053
617	Stonehenge_2011	Stonehenge_2009	Yes	No	0.6232638888888888
618	Stonehenge_2011	Stratton_Wood	Yes	No	0.8317399617590823
619	Stonehenge_2011	TARGET_MartinDown	Yes	No	0.8748137108792846
620	Stonehenge_2011	TARGET_ParsonageDown	Yes	No	0.8011527377521613
621	Stonehenge_2011	ThropeManor_3	Yes	No	0.7822141560798548
622	Stonehenge_2011	TownsendFarm_1	Yes	No	0.7482876712328768
623	Stonehenge_2011	TownsendFarm_2	Yes	No	0.8898678414096917
624	Stonehenge_2011	TownsendFarm_3_big	Yes	No	0.7306273062730627
625	Stonehenge_2011	Watlington_natural_reversion	Yes	No	0.8960244648318043
626	Stonehenge_2011	WestEndFarm	Yes	No	0.8732718894009217
627	Stonehenge_2011	Whitelands_2018_19	Yes	No	0.7956081081081081
628	StowellFarms_1_adj	HARLEY_FARMS_new2b	Yes	No	0.9300518134715026
629	StowellFarms_1_adj	Jemma_6	Yes	No	0.9648093841642229
630	StowellFarms_1_adj	Jemma_7	Yes	No	0.9358108108108109
631	StowellFarms_1_adj	Jemma_9	Yes	No	0.9407665505226481
632	StowellFarms_1_adj	Lardon_Chase_The_Holies_motorcycle	Yes	No	0.9391891891891891
633	StowellFarms_1_adj	NorringtonMannorFm_1	Yes	No	0.9380952380952381
634	StowellFarms_1_adj	NorringtonMannorFm_2	Yes	No	0.9556135770234987
635	StowellFarms_1_adj	RSPB_Mainline	Yes	No	0.9506493506493506
636	StowellFarms_1_adj	RSPB_churchil	Yes	No	0.9545454545454546
637	StowellFarms_1_adj	RSPB_junction	Yes	No	0.9327485380116959
638	StowellFarms_1_adj	Stonehenge_2005	Yes	No	0.9444444444444444
639	StowellFarms_1_adj	Stonehenge_2009	Yes	No	0.94831013916501
640	StowellFarms_1_adj	Stratton_Wood	Yes	No	0.9388379204892966
641	StowellFarms_1_adj	TARGET_MartinDown	Yes	No	0.9372294372294372
642	StowellFarms_1_adj	TARGET_ParsonageDown	Yes	No	0.9422718808193669
643	StowellFarms_1_adj	ThropeManor_3	Yes	No	0.931758530183727
644	StowellFarms_1_adj	TownsendFarm_1	Yes	No	0.931350114416476
645	StowellFarms_1_adj	TownsendFarm_2	Yes	No	0.9473684210526315
646	StowellFarms_1_adj	TownsendFarm_3_big	Yes	No	0.9292929292929293
647	StowellFarms_1_adj	Watlington_natural_reversion	Yes	No	0.9590909090909091
648	StowellFarms_1_adj	WestEndFarm	Yes	No	0.9583333333333334
649	StowellFarms_1_adj	Whitelands_2018_19	Yes	No	0.9582366589327146
650	WINDMILL_farm	HARLEY_FARMS_new2b	Yes	No	0.8341793570219966
651	WINDMILL_farm	Jemma_6	Yes	No	0.8767857142857143
652	WINDMILL_farm	Jemma_7	Yes	No	0.861271676300578
653	WINDMILL_farm	Jemma_9	Yes	No	0.8627450980392157
654	WINDMILL_farm	Lardon_Chase_The_Holies_motorcycle	Yes	No	0.8867924528301887
655	WINDMILL_farm	NorringtonMannorFm_1	Yes	No	0.802653399668325
656	WINDMILL_farm	NorringtonMannorFm_2	Yes	No	0.8807947019867549
657	WINDMILL_farm	RSPB_Mainline	Yes	No	0.8704318936877077
658	WINDMILL_farm	RSPB_churchil	Yes	No	0.8540925266903915
659	WINDMILL_farm	RSPB_junction	Yes	No	0.8302919708029197
660	WINDMILL_farm	Stonehenge_2005	Yes	No	0.848159509202454
661	WINDMILL_farm	Stonehenge_2009	Yes	No	0.8629943502824858
662	WINDMILL_farm	Stratton_Wood	Yes	No	0.8267419962335216
663	WINDMILL_farm	TARGET_MartinDown	Yes	No	0.8884057971014493
664	WINDMILL_farm	TARGET_ParsonageDown	Yes	No	0.8716577540106952
665	WINDMILL_farm	ThropeManor_3	Yes	No	0.8203799654576857
666	WINDMILL_farm	TownsendFarm_1	Yes	No	0.8130990415335463
667	WINDMILL_farm	TownsendFarm_2	Yes	No	0.868421052631579
668	WINDMILL_farm	TownsendFarm_3_big	Yes	No	0.7972508591065293
669	WINDMILL_farm	Watlington_natural_reversion	Yes	No	0.9269005847953217
670	WINDMILL_farm	WestEndFarm	Yes	No	0.9294871794871795
671	WINDMILL_farm	Whitelands_2018_19	Yes	No	0.8618524332810047
