id	site_code	Site	plot_number	Year_est	Age	OS_location	Lat_long	Establishment	Cutting	Cattle	Sheep	Plough	pH_category	Age_category	pielou_evenness
#q2:types	categorical	categorical	categorical	categorical	categorical	categorical	categorical	categorical	categorical	categorical	categorical	categorical	categorical	categorical	numeric
GF146	1	Whitelands_2018_19	Q1	2018	3	SU2990087100	51.581972, -1.5698756	seed_mix	No	No	Yes	Yes	Above_median	Below_median	0.707526180074788
GF147	NA	Whitelands_2018_19	Q4	2018	3	SU2990087100	51.581972, -1.5698756	seed_mix	No	No	Yes	Yes	Above_median	Below_median	0.706579212072564
GF148	NA	Whitelands_2018_19	Q7	2018	3	SU2990087100	51.581972, -1.5698756	seed_mix	No	No	Yes	Yes	Above_median	Below_median	0.598217433252773
GF149	NA	Whitelands_2018_19	Q10	2018	3	SU2990087100	51.581972, -1.5698756	seed_mix	No	No	Yes	Yes	Above_median	Below_median	0.755332542296471
GF150	NA	Whitelands_2018_19	Q13	2018	3	SU2990087100	51.581972, -1.5698756	seed_mix	No	No	Yes	Yes	Above_median	Below_median	0.593872517309556
GF151	2	Castle_Field_West_(W)	Q1	2002	19	SU2950086200	51.573901, -1.5757235	seed_mix	No	Yes	Yes	Yes	Below_median	Above_median	0.768121313570997
GF152	NA	Castle_Field_West_(W)	Q4	2002	19	SU2950086200	51.573901, -1.5757235	seed_mix	No	Yes	Yes	Yes	Below_median	Above_median	0.727552327768397
GF153	NA	Castle_Field_West_(W)	Q7	2002	19	SU2950086200	51.573901, -1.5757235	seed_mix	No	Yes	Yes	Yes	Below_median	Above_median	0.642280339227173
GF154	NA	Castle_Field_West_(W)	Q10	2002	19	SU2950086200	51.573901, -1.5757235	seed_mix	No	Yes	Yes	Yes	Below_median	Above_median	0.828755840330776
GF155	NA	Castle_Field_West_(W)	Q13	2002	19	SU2950086200	51.573901, -1.5757235	seed_mix	No	Yes	Yes	Yes	Below_median	Above_median	0.586391103901398
GF156	3	Toposcope_Field_-_1980s	Q1	1985	36	SU2950086600	51.577497, -1.5756901	Natural_regen	No	Yes	Yes	No	Above_median	Above_median	0.825202780828858
GF157	NA	Toposcope_Field_-_1980s	Q4	1985	36	SU2950086600	51.577497, -1.5756901	Natural_regen	No	Yes	Yes	No	Above_median	Above_median	0.584090187205599
GF158	NA	Toposcope_Field_-_1980s	Q7	1985	36	SU2950086600	51.577497, -1.5756901	Natural_regen	No	Yes	Yes	No	Above_median	Above_median	0.704990123003604
GF159	NA	Toposcope_Field_-_1980s	Q10	1985	36	SU2950086600	51.577497, -1.5756901	Natural_regen	No	Yes	Yes	No	Above_median	Above_median	0.635573942635
GF160	NA	Toposcope_Field_-_1980s	Q13	1985	36	SU2950086600	51.577497, -1.5756901	Natural_regen	No	Yes	Yes	No	Above_median	Above_median	0.621977635589093
GF161	4	Bradenham_post-1986_b	Q1	1986	35	SU8290097718	51.672127, -0.80258692	seed_mix	No	Yes	Yes	Yes	Below_median	Above_median	0.730906261933684
GF162	NA	Bradenham_post-1986_b	Q4	1986	35	SU8290097718	51.672127, -0.80258692	seed_mix	No	Yes	Yes	Yes	Below_median	Above_median	0.744618604838972
GF163	NA	Bradenham_post-1986_b	Q7	1986	35	SU8290097718	51.672127, -0.80258692	seed_mix	No	Yes	Yes	Yes	Below_median	Above_median	0.753150097681963
GF164	NA	Bradenham_post-1986_b	Q10	1986	35	SU8290097718	51.672127, -0.80258692	seed_mix	No	Yes	Yes	Yes	Below_median	Above_median	0.678892479083048
GF165	NA	Bradenham_post-1986_b	Q13	1986	35	SU8290097718	51.672127, -0.80258692	seed_mix	No	Yes	Yes	Yes	Below_median	Above_median	0.660465821697478
GF167	NA	Lardon_Chase_The_Holies_motorcycle	Q4	2007	14	SU5930079800	51.514021, -1.1468383	Natural_regen	No	No	Yes	No	Above_median	Below_median	0.662877651986209
GF168	NA	Lardon_Chase_The_Holies_motorcycle	Q7	2007	14	SU5930079800	51.514021, -1.1468383	Natural_regen	No	No	Yes	No	Above_median	Below_median	0.736807286514606
GF169	NA	Lardon_Chase_The_Holies_motorcycle	Q10	2007	14	SU5930079800	51.514021, -1.1468383	Natural_regen	No	No	Yes	No	Above_median	Below_median	0.849390444257296
GF170	NA	Lardon_Chase_The_Holies_motorcycle	Q13	2007	14	SU5930079800	51.514021, -1.1468383	Natural_regen	No	No	Yes	No	Above_median	Below_median	0.52680840163796
GF171	6	Stonehenge_2000_2017a	Q1	2000	21	SU1370042400	51.180671, -1.8053828	Green_hay_bush	No	Yes	Yes	Yes	Below_median	Above_median	0.485195707597778
GF172	NA	Stonehenge_2000_2017a	Q4	2000	21	SU1370042400	51.180671, -1.8053828	Green_hay_bush	No	Yes	Yes	Yes	Below_median	Above_median	0.56719086433361
GF173	NA	Stonehenge_2000_2017a	Q7	2000	21	SU1370042400	51.180671, -1.8053828	Green_hay_bush	No	Yes	Yes	Yes	Below_median	Above_median	0.664822042533309
GF174	NA	Stonehenge_2000_2017a	Q10	2000	21	SU1370042400	51.180671, -1.8053828	Green_hay_bush	No	Yes	Yes	Yes	Below_median	Above_median	0.580521284325967
GF175	NA	Stonehenge_2000_2017a	Q13	2000	21	SU1370042400	51.180671, -1.8053828	Green_hay_bush	No	Yes	Yes	Yes	Below_median	Above_median	0.574655808316338
GF176	7	Stonehenge_2003_2017b	Q1	2003	18	SU1150041600	51.173525, -1.8368821	Green_hay_bush	No	Yes	Yes	Yes	Below_median	Above_median	0.749381282668664
GF177	NA	Stonehenge_2003_2017b	Q4	2003	18	SU1150041600	51.173525, -1.8368821	Green_hay_bush	No	Yes	Yes	Yes	Below_median	Above_median	0.484825683414275
GF178	NA	Stonehenge_2003_2017b	Q7	2003	18	SU1150041600	51.173525, -1.8368821	Green_hay_bush	No	Yes	Yes	Yes	Below_median	Above_median	0.638808377550601
GF179	NA	Stonehenge_2003_2017b	Q10	2003	18	SU1150041600	51.173525, -1.8368821	Green_hay_bush	No	Yes	Yes	Yes	Below_median	Above_median	0.724665259045767
GF180	NA	Stonehenge_2003_2017b	Q13	2003	18	SU1150041600	51.173525, -1.8368821	Green_hay_bush	No	Yes	Yes	Yes	Below_median	Above_median	0.687658091858359
GF181	8	Stonehenge_2009	Q1	2009	12	SU1050041700	51.174443, -1.8511833	Green_hay_bush	No	No	Yes	Yes	Below_median	Below_median	0.726742353664747
GF182	NA	Stonehenge_2009	Q4	2009	12	SU1050041700	51.174443, -1.8511833	Green_hay_bush	No	No	Yes	Yes	Below_median	Below_median	0.705499982947407
GF183	NA	Stonehenge_2009	Q7	2009	12	SU1050041700	51.174443, -1.8511833	Green_hay_bush	No	No	Yes	Yes	Below_median	Below_median	0.69368306866883
GF184	NA	Stonehenge_2009	Q10	2009	12	SU1050041700	51.174443, -1.8511833	Green_hay_bush	No	No	Yes	Yes	Below_median	Below_median	0.768499357760678
GF185	NA	Stonehenge_2009	Q13	2009	12	SU1050041700	51.174443, -1.8511833	Green_hay_bush	No	No	Yes	Yes	Below_median	Below_median	0.746609043758371
GF186	9	Stonehenge_2007_2016	Q1	2007	14	SU1100041900	51.176233, -1.8440251	Green_hay_bush	No	Yes	Yes	Yes	Below_median	Below_median	0.718537911234889
GF187	NA	Stonehenge_2007_2016	Q4	2007	14	SU1100041900	51.176233, -1.8440251	Green_hay_bush	No	Yes	Yes	Yes	Below_median	Below_median	0.515602769666058
GF188	NA	Stonehenge_2007_2016	Q7	2007	14	SU1100041900	51.176233, -1.8440251	Green_hay_bush	No	Yes	Yes	Yes	Below_median	Below_median	0.691663860598174
GF189	NA	Stonehenge_2007_2016	Q10	2007	14	SU1100041900	51.176233, -1.8440251	Green_hay_bush	No	Yes	Yes	Yes	Below_median	Below_median	0.70716645578748
GF190	NA	Stonehenge_2007_2016	Q13	2007	14	SU1100041900	51.176233, -1.8440251	Green_hay_bush	No	Yes	Yes	Yes	Below_median	Below_median	0.600321614373754
GF191	10	Stonehenge_2005	Q1	2005	16	SU1140042200	51.178922, -1.8382937	Green_hay_bush	No	No	Yes	Yes	Below_median	Above_median	0.583727251820887
GF192	NA	Stonehenge_2005	Q4	2005	16	SU1140042200	51.178922, -1.8382937	Green_hay_bush	No	No	Yes	Yes	Below_median	Above_median	0.631908350316979
GF193	NA	Stonehenge_2005	Q7	2005	16	SU1140042200	51.178922, -1.8382937	Green_hay_bush	No	No	Yes	Yes	Below_median	Above_median	0.629753663330435
GF194	NA	Stonehenge_2005	Q10	2005	16	SU1140042200	51.178922, -1.8382937	Green_hay_bush	No	No	Yes	Yes	Below_median	Above_median	0.675716488239066
GF195	NA	Stonehenge_2005	Q13	2005	16	SU1140042200	51.178922, -1.8382937	Green_hay_bush	No	No	Yes	Yes	Below_median	Above_median	0.654961028947871
GF196	11	Stonehenge_2002_2017	Q1	2002	19	SU1480043200	51.187837, -1.7896132	Green_hay_bush	No	Yes	Yes	Yes	Below_median	Above_median	0.717958379247824
GF197	NA	Stonehenge_2002_2017	Q4	2002	19	SU1480043200	51.187837, -1.7896132	Green_hay_bush	No	Yes	Yes	Yes	Below_median	Above_median	0.764620801472099
GF198	NA	Stonehenge_2002_2017	Q7	2002	19	SU1480043200	51.187837, -1.7896132	Green_hay_bush	No	Yes	Yes	Yes	Below_median	Above_median	0.766518641003755
GF199	NA	Stonehenge_2002_2017	Q10	2002	19	SU1480043200	51.187837, -1.7896132	Green_hay_bush	No	Yes	Yes	Yes	Below_median	Above_median	0.705055753577735
GF200	NA	Stonehenge_2002_2017	Q13	2002	19	SU1480043200	51.187837, -1.7896132	Green_hay_bush	No	Yes	Yes	Yes	Below_median	Above_median	0.728014347736303
GF201	12	Stonehenge_2010	Q1	2010	11	SU1070043000	51.186129, -1.8482842	Green_hay_bush	No	Yes	Yes	Yes	Below_median	Below_median	0.725866888001158
GF202	NA	Stonehenge_2010	Q4	2010	11	SU1070043000	51.186129, -1.8482842	Green_hay_bush	No	Yes	Yes	Yes	Below_median	Below_median	0.606200313276426
GF203	NA	Stonehenge_2010	Q7	2010	11	SU1070043000	51.186129, -1.8482842	Green_hay_bush	No	Yes	Yes	Yes	Below_median	Below_median	0.717586132844683
GF204	NA	Stonehenge_2010	Q10	2010	11	SU1070043000	51.186129, -1.8482842	Green_hay_bush	No	Yes	Yes	Yes	Below_median	Below_median	0.736114731627362
GF205	NA	Stonehenge_2010	Q13	2010	11	SU1070043000	51.186129, -1.8482842	Green_hay_bush	No	Yes	Yes	Yes	Below_median	Below_median	0.694789479906832
GF206	13	Stonehenge_2011	Q1	2011	10	SU1050043600	51.191528, -1.8511284	Green_hay_bush	No	Yes	Yes	Yes	Below_median	Below_median	0.755079274478592
GF207	NA	Stonehenge_2011	Q4	2011	10	SU1050043600	51.191528, -1.8511284	Green_hay_bush	No	Yes	Yes	Yes	Below_median	Below_median	0.753655634409033
GF208	NA	Stonehenge_2011	Q7	2011	10	SU1050043600	51.191528, -1.8511284	Green_hay_bush	No	Yes	Yes	Yes	Below_median	Below_median	0.687402308146304
GF209	NA	Stonehenge_2011	Q10	2011	10	SU1050043600	51.191528, -1.8511284	Green_hay_bush	No	Yes	Yes	Yes	Below_median	Below_median	0.777958085823378
GF210	NA	Stonehenge_2011	Q13	2011	10	SU1050043600	51.191528, -1.8511284	Green_hay_bush	No	Yes	Yes	Yes	Below_median	Below_median	0.650481538210554
GF211	14	Stonehenge_-_Luxenborough_BankB	Q1	2000	21	SU1290041900	51.176193, -1.8168457	Green_hay_bush	Yes	No	Yes	Yes	Below_median	Above_median	0.602189565266725
GF212	NA	Stonehenge_-_Luxenborough_BankB	Q4	2000	21	SU1290041900	51.176193, -1.8168457	Green_hay_bush	Yes	No	Yes	Yes	Below_median	Above_median	0.747427009024152
GF213	NA	Stonehenge_-_Luxenborough_BankB	Q7	2000	21	SU1290041900	51.176193, -1.8168457	Green_hay_bush	Yes	No	Yes	Yes	Below_median	Above_median	0.733311346022292
GF214	NA	Stonehenge_-_Luxenborough_BankB	Q10	2000	21	SU1290041900	51.176193, -1.8168457	Green_hay_bush	Yes	No	Yes	Yes	Below_median	Above_median	0.427267864710802
GF215	NA	Stonehenge_-_Luxenborough_BankB	Q13	2000	21	SU1290041900	51.176193, -1.8168457	Green_hay_bush	Yes	No	Yes	Yes	Below_median	Above_median	0.693617266232404
GF216	15	Watlington_natural_reversion	Q1	2000	21	SU7050293600	51.636798, -0.98266944	Natural_regen	No	No	Yes	No	Below_median	Above_median	0.681209255311968
GF217	NA	Watlington_natural_reversion	Q4	2000	21	SU7050293600	51.636798, -0.98266944	Natural_regen	No	No	Yes	No	Below_median	Above_median	0.713625420639609
GF218	NA	Watlington_natural_reversion	Q7	2000	21	SU7050293600	51.636798, -0.98266944	Natural_regen	No	No	Yes	No	Below_median	Above_median	0.701700507883894
GF219	NA	Watlington_natural_reversion	Q10	2000	21	SU7050293600	51.636798, -0.98266944	Natural_regen	No	No	Yes	No	Below_median	Above_median	0.624168859935663
GF220	NA	Watlington_natural_reversion	Q13	2000	21	SU7050293600	51.636798, -0.98266944	Natural_regen	No	No	Yes	No	Below_median	Above_median	0.541384163878454
GF221	16	St_Catherines_A3	Q1	1994	27	SU4812327449	51.044386, -1.3149275	Green_hay_bush	Yes	Yes	Yes	No	Below_median	Above_median	0.629565599143589
GF222	NA	St_Catherines_A3	Q4	1994	27	SU4812327449	51.044386, -1.3149275	Green_hay_bush	Yes	Yes	Yes	No	Below_median	Above_median	0.663787078002245
GF223	NA	St_Catherines_A3	Q7	1994	27	SU4812327449	51.044386, -1.3149275	Green_hay_bush	Yes	Yes	Yes	No	Below_median	Above_median	0.643426348948267
GF224	NA	St_Catherines_A3	Q10	1994	27	SU4812327449	51.044386, -1.3149275	Green_hay_bush	Yes	Yes	Yes	No	Below_median	Above_median	0.734475929346899
GF225	NA	St_Catherines_A3	Q13	1994	27	SU4812327449	51.044386, -1.3149275	Green_hay_bush	Yes	Yes	Yes	No	Below_median	Above_median	0.710519030489709
GF226	17	HARLEY_FARMS_Chittern	Q1	2013	8	ST9762044730	51.201778, -2.0354461	seed_mix	Yes	Yes	No	Yes	Below_median	Below_median	0.534755469203086
GF227	NA	HARLEY_FARMS_Chittern	Q4	2013	8	ST9762044730	51.201778, -2.0354461	seed_mix	Yes	Yes	No	Yes	Below_median	Below_median	0.741189857540714
GF228	NA	HARLEY_FARMS_Chittern	Q7	2013	8	ST9762044730	51.201778, -2.0354461	seed_mix	Yes	Yes	No	Yes	Below_median	Below_median	0.689898851730421
GF229	NA	HARLEY_FARMS_Chittern	Q10	2013	8	ST9762044730	51.201778, -2.0354461	seed_mix	Yes	Yes	No	Yes	Below_median	Below_median	0.574436528404595
GF230	NA	HARLEY_FARMS_Chittern	Q13	2013	8	ST9762044730	51.201778, -2.0354461	seed_mix	Yes	Yes	No	Yes	Below_median	Below_median	0.656353458609184
GF231	18	HARLEY_FARMS_New1	Q1	2020	1	ST9346829822	51.067692, -2.0945983	seed_mix	No	Yes	No	No	Below_median	Below_median	0.644232798529599
GF232	NA	HARLEY_FARMS_New1	Q4	2020	1	ST9346829822	51.067692, -2.0945983	seed_mix	No	Yes	No	No	Below_median	Below_median	0.675811868472747
GF233	NA	HARLEY_FARMS_New1	Q7	2020	1	ST9346829822	51.067692, -2.0945983	seed_mix	No	Yes	No	No	Below_median	Below_median	0.542438284138325
GF234	NA	HARLEY_FARMS_New1	Q10	2020	1	ST9346829822	51.067692, -2.0945983	seed_mix	No	Yes	No	No	Below_median	Below_median	0.538939445578337
GF235	NA	HARLEY_FARMS_New1	Q13	2020	1	ST9346829822	51.067692, -2.0945983	seed_mix	No	Yes	No	No	Below_median	Below_median	0.6989920548239
GF236	19	HARLEY_FARMS_new2b	Q1	2020	1	ST9242629613	51.065799, -2.1094648	seed_mix	Yes	No	No	No	Below_median	Below_median	0.665113556727433
GF237	NA	HARLEY_FARMS_new2b	Q4	2020	1	ST9242629613	51.065799, -2.1094648	seed_mix	Yes	No	No	No	Below_median	Below_median	0.717328962294316
GF238	NA	HARLEY_FARMS_new2b	Q7	2020	1	ST9242629613	51.065799, -2.1094648	seed_mix	Yes	No	No	No	Below_median	Below_median	0.700797351056176
GF239	NA	HARLEY_FARMS_new2b	Q10	2020	1	ST9242629613	51.065799, -2.1094648	seed_mix	Yes	No	No	No	Below_median	Below_median	0.722850055579147
GF240	NA	HARLEY_FARMS_new2b	Q13	2020	1	ST9242629613	51.065799, -2.1094648	seed_mix	Yes	No	No	No	Below_median	Below_median	0.659783793839381
GF242	NA	WINDMILL_farm	Q4	1990	31	SU7176229761	51.06271, -0.97732036	seed_mix	Yes	Yes	Yes	Yes	Below_median	Above_median	0.760160524781461
GF243	NA	WINDMILL_farm	Q7	1990	31	SU7176229761	51.06271, -0.97732036	seed_mix	Yes	Yes	Yes	Yes	Below_median	Above_median	0.765136473460514
GF244	NA	WINDMILL_farm	Q10	1990	31	SU7176229761	51.06271, -0.97732036	seed_mix	Yes	Yes	Yes	Yes	Below_median	Above_median	0.734517736633282
GF245	NA	WINDMILL_farm	Q13	1990	31	SU7176229761	51.06271, -0.97732036	seed_mix	Yes	Yes	Yes	Yes	Below_median	Above_median	0.737315039748793
GF246	21	DRUIDS	Q1	2002	19	SU2964250324	51.251319, -1.5766624	seed_mix	Yes	Yes	Yes	Yes	Below_median	Above_median	0.739299929355323
GF247	NA	DRUIDS	Q4	2002	19	SU2964250324	51.251319, -1.5766624	seed_mix	Yes	Yes	Yes	Yes	Below_median	Above_median	0.531534786112074
GF248	NA	DRUIDS	Q7	2002	19	SU2964250324	51.251319, -1.5766624	seed_mix	Yes	Yes	Yes	Yes	Below_median	Above_median	0.718084635682195
GF249	NA	DRUIDS	Q10	2002	19	SU2964250324	51.251319, -1.5766624	seed_mix	Yes	Yes	Yes	Yes	Below_median	Above_median	0.701088508596898
GF250	NA	DRUIDS	Q13	2002	19	SU2964250324	51.251319, -1.5766624	seed_mix	Yes	Yes	Yes	Yes	Below_median	Above_median	0.728526551016808
GF251	22	Stratton_Wood	Q1	1995	26	SU1647289260	51.601942, -1.7635665	seed_mix	Yes	No	No	Yes	Below_median	Above_median	0.635812948313681
GF252	NA	Stratton_Wood	Q4	1995	26	SU1647289260	51.601942, -1.7635665	seed_mix	Yes	No	No	Yes	Below_median	Above_median	0.720214449748939
GF253	NA	Stratton_Wood	Q7	1995	26	SU1647289260	51.601942, -1.7635665	seed_mix	Yes	No	No	Yes	Below_median	Above_median	0.51963205791821
GF254	NA	Stratton_Wood	Q10	1995	26	SU1647289260	51.601942, -1.7635665	seed_mix	Yes	No	No	Yes	Below_median	Above_median	0.694863566301016
GF255	NA	Stratton_Wood	Q13	1995	26	SU1647289260	51.601942, -1.7635665	seed_mix	Yes	No	No	Yes	Below_median	Above_median	0.688232812291552
GF256	23	WESTMEAD_FARM	Q1	2000	21	SU6317525168	51.022422, -1.1006408	seed_mix	Yes	No	Yes	No	Below_median	Above_median	0.727544477472712
GF257	NA	WESTMEAD_FARM	Q4	2000	21	SU6317525168	51.022422, -1.1006408	seed_mix	Yes	No	Yes	No	Below_median	Above_median	0.671874962833666
GF258	NA	WESTMEAD_FARM	Q7	2000	21	SU6317525168	51.022422, -1.1006408	seed_mix	Yes	No	Yes	No	Below_median	Above_median	0.746369712302393
GF259	NA	WESTMEAD_FARM	Q10	2000	21	SU6317525168	51.022422, -1.1006408	seed_mix	Yes	No	Yes	No	Below_median	Above_median	0.771013452795288
GF260	NA	WESTMEAD_FARM	Q13	2000	21	SU6317525168	51.022422, -1.1006408	seed_mix	Yes	No	Yes	No	Below_median	Above_median	0.668033324299502
GF261	24	RSPB_orig_green	Q1	2006	15	SU2135640329	51.161815, -1.6959767	Green_hay_bush	No	Yes	Yes	No	Above_median	Above_median	0.495055309679076
GF262	NA	RSPB_orig_green	Q4	2006	15	SU2135640329	51.161815, -1.6959767	Green_hay_bush	No	Yes	Yes	No	Above_median	Above_median	0.625534769680834
GF263	NA	RSPB_orig_green	Q7	2006	15	SU2135640329	51.161815, -1.6959767	Green_hay_bush	No	Yes	Yes	No	Above_median	Above_median	0.655836148415577
GF264	NA	RSPB_orig_green	Q10	2006	15	SU2135640329	51.161815, -1.6959767	Green_hay_bush	No	Yes	Yes	No	Above_median	Above_median	0.738683697656509
GF265	NA	RSPB_orig_green	Q13	2006	15	SU2135640329	51.161815, -1.6959767	Green_hay_bush	No	Yes	Yes	No	Above_median	Above_median	0.881372141195457
GF266	25	RSPB_churchil	Q1	2010	11	SU2075340336	51.1619, -1.7045994	Green_hay_bush	No	No	Yes	No	Above_median	Below_median	0.690945097797606
GF267	NA	RSPB_churchil	Q4	2010	11	SU2075340336	51.1619, -1.7045994	Green_hay_bush	No	No	Yes	No	Above_median	Below_median	0.591216606838439
GF268	NA	RSPB_churchil	Q7	2010	11	SU2075340336	51.1619, -1.7045994	Green_hay_bush	No	No	Yes	No	Above_median	Below_median	0.673798695478334
GF269	NA	RSPB_churchil	Q10	2010	11	SU2075340336	51.1619, -1.7045994	Green_hay_bush	No	No	Yes	No	Above_median	Below_median	0.697755642918459
GF270	NA	RSPB_churchil	Q13	2010	11	SU2075340336	51.1619, -1.7045994	Green_hay_bush	No	No	Yes	No	Above_median	Below_median	0.724900556023095
GF271	26	RSPB_junction	Q1	2007	14	SU2267739280	51.152332, -1.6771517	Green_hay_bush	No	No	Yes	No	Above_median	Below_median	0.648782935980224
GF272	NA	RSPB_junction	Q4	2007	14	SU2267739280	51.152332, -1.6771517	Green_hay_bush	No	No	Yes	No	Above_median	Below_median	0.694506562559376
GF273	NA	RSPB_junction	Q7	2007	14	SU2267739280	51.152332, -1.6771517	Green_hay_bush	No	No	Yes	No	Above_median	Below_median	0.683940832528667
GF274	NA	RSPB_junction	Q10	2007	14	SU2267739280	51.152332, -1.6771517	Green_hay_bush	No	No	Yes	No	Above_median	Below_median	0.664805005517712
GF275	NA	RSPB_junction	Q13	2007	14	SU2267739280	51.152332, -1.6771517	Green_hay_bush	No	No	Yes	No	Above_median	Below_median	0.729095321793389
GF276	27	RSPB_Mainline	Q1	2016	5	SU2250539212	51.151728, -1.6796151	Green_hay_bush	No	No	Yes	No	Above_median	Below_median	0.668496018039344
GF277	NA	RSPB_Mainline	Q4	2016	5	SU2250539212	51.151728, -1.6796151	Green_hay_bush	No	No	Yes	No	Above_median	Below_median	0.578914216501481
GF278	NA	RSPB_Mainline	Q7	2016	5	SU2250539212	51.151728, -1.6796151	Green_hay_bush	No	No	Yes	No	Above_median	Below_median	0.611043454785895
GF279	NA	RSPB_Mainline	Q10	2016	5	SU2250539212	51.151728, -1.6796151	Green_hay_bush	No	No	Yes	No	Above_median	Below_median	0.566932838224022
GF280	NA	RSPB_Mainline	Q13	2016	5	SU2250539212	51.151728, -1.6796151	Green_hay_bush	No	No	Yes	No	Above_median	Below_median	0.715669984019714
GF281	28	Baltic_farm_1	Q1	2005	16	SU0459767825	51.40943, -1.9352946	Green_hay_bush	Yes	Yes	Yes	No	Above_median	Above_median	0.771245980414075
GF282	NA	Baltic_farm_1	Q4	2005	16	SU0459767825	51.40943, -1.9352946	Green_hay_bush	Yes	Yes	Yes	No	Above_median	Above_median	0.810722969747056
GF283	NA	Baltic_farm_1	Q7	2005	16	SU0459767825	51.40943, -1.9352946	Green_hay_bush	Yes	Yes	Yes	No	Above_median	Above_median	0.572770627597061
GF284	NA	Baltic_farm_1	Q10	2005	16	SU0459767825	51.40943, -1.9352946	Green_hay_bush	Yes	Yes	Yes	No	Above_median	Above_median	0.880381360071593
GF285	NA	Baltic_farm_1	Q13	2005	16	SU0459767825	51.40943, -1.9352946	Green_hay_bush	Yes	Yes	Yes	No	Above_median	Above_median	0.849785460366416
GF286	29	Baltic_farm_2	Q1	1998	23	SU0306867167	51.403524, -1.9572835	Green_hay_bush	Yes	Yes	Yes	No	Above_median	Above_median	0.638935992947534
GF287	NA	Baltic_farm_2	Q4	1998	23	SU0306867167	51.403524, -1.9572835	Green_hay_bush	Yes	Yes	Yes	No	Above_median	Above_median	0.493996880073602
GF288	NA	Baltic_farm_2	Q7	1998	23	SU0306867167	51.403524, -1.9572835	Green_hay_bush	Yes	Yes	Yes	No	Above_median	Above_median	0.793381641357211
GF289	NA	Baltic_farm_2	Q10	1998	23	SU0306867167	51.403524, -1.9572835	Green_hay_bush	Yes	Yes	Yes	No	Above_median	Above_median	0.446751537165498
GF291	30	WestEndFarm	Q1	2019	2	SU0297366901	51.401133, -1.9586514	Green_hay_bush	Yes	No	Yes	Yes	Above_median	Below_median	0.368533740790836
GF292	NA	WestEndFarm	Q4	2019	2	SU0297366901	51.401133, -1.9586514	Green_hay_bush	Yes	No	Yes	Yes	Above_median	Below_median	0.612053206728589
GF293	NA	WestEndFarm	Q7	2019	2	SU0297366901	51.401133, -1.9586514	Green_hay_bush	Yes	No	Yes	Yes	Above_median	Below_median	0.606478711632303
GF294	NA	WestEndFarm	Q10	2019	2	SU0297366901	51.401133, -1.9586514	Green_hay_bush	Yes	No	Yes	Yes	Above_median	Below_median	0.678978040200478
GF295	NA	WestEndFarm	Q13	2019	2	SU0297366901	51.401133, -1.9586514	Green_hay_bush	Yes	No	Yes	Yes	Above_median	Below_median	0.58292538600673
GF296	31	HorntonHouseFarm_1_parallel	Q1	2016	5	SU0584565118	51.385079, -1.917395	seed_mix	Yes	Yes	Yes	No	Above_median	Below_median	0.702519938095541
GF297	NA	HorntonHouseFarm_1_parallel	Q4	2016	5	SU0584565118	51.385079, -1.917395	seed_mix	Yes	Yes	Yes	No	Above_median	Below_median	0.538751947862106
GF298	NA	HorntonHouseFarm_1_parallel	Q7	2016	5	SU0584565118	51.385079, -1.917395	seed_mix	Yes	Yes	Yes	No	Above_median	Below_median	0.756178266544827
GF299	NA	HorntonHouseFarm_1_parallel	Q10	2016	5	SU0584565118	51.385079, -1.917395	seed_mix	Yes	Yes	Yes	No	Above_median	Below_median	0.729329365198109
GF300	NA	HorntonHouseFarm_1_parallel	Q13	2016	5	SU0584565118	51.385079, -1.917395	seed_mix	Yes	Yes	Yes	No	Above_median	Below_median	0.709677752062724
GF301	32	TownsendFarm_1	Q1	2017	4	SU0775065316	51.386837, -1.8900159	seed_mix	Yes	No	Yes	No	Above_median	Below_median	0.725362933113716
GF302	NA	TownsendFarm_1	Q4	2017	4	SU0775065316	51.386837, -1.8900159	seed_mix	Yes	No	Yes	No	Above_median	Below_median	0.58304389715436
GF303	NA	TownsendFarm_1	Q7	2017	4	SU0775065316	51.386837, -1.8900159	seed_mix	Yes	No	Yes	No	Above_median	Below_median	0.664399775529309
GF304	NA	TownsendFarm_1	Q10	2017	4	SU0775065316	51.386837, -1.8900159	seed_mix	Yes	No	Yes	No	Above_median	Below_median	0.569596525187884
GF305	NA	TownsendFarm_1	Q13	2017	4	SU0775065316	51.386837, -1.8900159	seed_mix	Yes	No	Yes	No	Above_median	Below_median	0.700609445064576
GF306	33	TownsendFarm_2	Q1	2010	11	SU0705164722	51.381505, -1.9000725	seed_mix	Yes	No	Yes	No	Above_median	Below_median	0.746767139136443
GF307	NA	TownsendFarm_2	Q4	2010	11	SU0705164722	51.381505, -1.9000725	seed_mix	Yes	No	Yes	No	Above_median	Below_median	0.820526143294654
GF308	NA	TownsendFarm_2	Q7	2010	11	SU0705164722	51.381505, -1.9000725	seed_mix	Yes	No	Yes	No	Above_median	Below_median	0.75311564990164
GF309	NA	TownsendFarm_2	Q10	2010	11	SU0705164722	51.381505, -1.9000725	seed_mix	Yes	No	Yes	No	Above_median	Below_median	0.710726981505118
GF310	NA	TownsendFarm_2	Q13	2010	11	SU0705164722	51.381505, -1.9000725	seed_mix	Yes	No	Yes	No	Above_median	Below_median	0.511080534776642
GF311	34	TownsendFarm_3_big	Q1	2014	7	SU0886965184	51.385634, -1.8739384	Green_hay_bush	Yes	No	Yes	No	Below_median	Below_median	0.697941855173483
GF312	NA	TownsendFarm_3_big	Q4	2014	7	SU0886965184	51.385634, -1.8739384	Green_hay_bush	Yes	No	Yes	No	Below_median	Below_median	0.6222865495071
GF313	NA	TownsendFarm_3_big	Q7	2014	7	SU0886965184	51.385634, -1.8739384	Green_hay_bush	Yes	No	Yes	No	Below_median	Below_median	0.634551347440177
GF314	NA	TownsendFarm_3_big	Q10	2014	7	SU0886965184	51.385634, -1.8739384	Green_hay_bush	Yes	No	Yes	No	Below_median	Below_median	0.61298194810689
GF315	NA	TownsendFarm_3_big	Q13	2014	7	SU0886965184	51.385634, -1.8739384	Green_hay_bush	Yes	No	Yes	No	Below_median	Below_median	0.629264967837669
GF316	35	ChurchFarm	Q1	2012	9	SU0979864321	51.377859, -1.8606121	seed_mix	Yes	Yes	Yes	No	Above_median	Below_median	0.571263387226785
GF317	NA	ChurchFarm	Q4	2012	9	SU0979864321	51.377859, -1.8606121	seed_mix	Yes	Yes	Yes	No	Above_median	Below_median	0.723576601224397
GF318	NA	ChurchFarm	Q7	2012	9	SU0979864321	51.377859, -1.8606121	seed_mix	Yes	Yes	Yes	No	Above_median	Below_median	0.562410189786428
GF319	NA	ChurchFarm	Q10	2012	9	SU0979864321	51.377859, -1.8606121	seed_mix	Yes	Yes	Yes	No	Above_median	Below_median	0.622236283995605
GF320	NA	ChurchFarm	Q13	2012	9	SU0979864321	51.377859, -1.8606121	seed_mix	Yes	Yes	Yes	No	Above_median	Below_median	0.730160687722963
GF321	36	StowellFarms_1_adj	Q1	2015	6	SU1362464180	51.376513, -1.8056466	seed_mix	Yes	Yes	Yes	Yes	Below_median	Below_median	0.689748936509334
GF322	NA	StowellFarms_1_adj	Q4	2015	6	SU1362464180	51.376513, -1.8056466	seed_mix	Yes	Yes	Yes	Yes	Below_median	Below_median	0.682238799381658
GF323	NA	StowellFarms_1_adj	Q7	2015	6	SU1362464180	51.376513, -1.8056466	seed_mix	Yes	Yes	Yes	Yes	Below_median	Below_median	0.632298753334729
GF324	NA	StowellFarms_1_adj	Q10	2015	6	SU1362464180	51.376513, -1.8056466	seed_mix	Yes	Yes	Yes	Yes	Below_median	Below_median	0.692658671591267
GF325	NA	StowellFarms_1_adj	Q13	2015	6	SU1362464180	51.376513, -1.8056466	seed_mix	Yes	Yes	Yes	Yes	Below_median	Below_median	0.169753780142459
GF328	NA	MannorFmAltonBarnes	Q7	2012	9	SU1211561331	51.35093, -1.827423	seed_mix	Yes	Yes	Yes	No	Above_median	Below_median	0.731425595720068
GF329	NA	MannorFmAltonBarnes	Q10	2012	9	SU1211561331	51.35093, -1.827423	seed_mix	Yes	Yes	Yes	No	Above_median	Below_median	0.77640485783056
GF331	38	HommingtonFarm	Q1	2014	7	SU1332825982	51.033048, -1.811306	seed_mix	Yes	Yes	Yes	Yes	Above_median	Below_median	0.587623672084309
GF332	NA	HommingtonFarm	Q4	2014	7	SU1332825982	51.033048, -1.811306	seed_mix	Yes	Yes	Yes	Yes	Above_median	Below_median	0.118109665437518
GF333	NA	HommingtonFarm	Q7	2014	7	SU1332825982	51.033048, -1.811306	seed_mix	Yes	Yes	Yes	Yes	Above_median	Below_median	0.725199133879932
GF334	NA	HommingtonFarm	Q10	2014	7	SU1332825982	51.033048, -1.811306	seed_mix	Yes	Yes	Yes	Yes	Above_median	Below_median	0.738829199887727
GF335	NA	HommingtonFarm	Q13	2014	7	SU1332825982	51.033048, -1.811306	seed_mix	Yes	Yes	Yes	Yes	Above_median	Below_median	0.842163466758732
GF336	39	ThropeManor_1	Q1	2002	19	SU0886123850	51.013962, -1.8750607	seed_mix	Yes	No	Yes	No	Below_median	Above_median	0.679154902724031
GF337	NA	ThropeManor_1	Q4	2002	19	SU0886123850	51.013962, -1.8750607	seed_mix	Yes	No	Yes	No	Below_median	Above_median	0.821531808733436
GF338	NA	ThropeManor_1	Q7	2002	19	SU0886123850	51.013962, -1.8750607	seed_mix	Yes	No	Yes	No	Below_median	Above_median	0.683156489614018
GF340	NA	ThropeManor_1	Q13	2002	19	SU0886123850	51.013962, -1.8750607	seed_mix	Yes	No	Yes	No	Below_median	Above_median	0.645080493928121
GF341	40	ThropeManor_2	Q1	1998	23	SU0843924348	51.018447, -1.8810649	seed_mix	Yes	No	Yes	Yes	Below_median	Above_median	0.705850965461959
GF342	NA	ThropeManor_2	Q4	1998	23	SU0843924348	51.018447, -1.8810649	seed_mix	Yes	No	Yes	Yes	Below_median	Above_median	0.588498754705734
GF344	NA	ThropeManor_2	Q10	1998	23	SU0843924348	51.018447, -1.8810649	seed_mix	Yes	No	Yes	Yes	Below_median	Above_median	0.696402539530782
GF345	NA	ThropeManor_2	Q13	1998	23	SU0843924348	51.018447, -1.8810649	seed_mix	Yes	No	Yes	Yes	Below_median	Above_median	0.673214934842821
GF346	41	ThropeManor_3	Q1	2000	21	SU0901525189	51.026001, -1.8728325	seed_mix	Yes	No	Yes	No	Above_median	Above_median	0.719897523731238
GF347	NA	ThropeManor_3	Q4	2000	21	SU0901525189	51.026001, -1.8728325	seed_mix	Yes	No	Yes	No	Above_median	Above_median	0.661690544041229
GF348	NA	ThropeManor_3	Q7	2000	21	SU0901525189	51.026001, -1.8728325	seed_mix	Yes	No	Yes	No	Above_median	Above_median	0.543030190553585
GF349	NA	ThropeManor_3	Q10	2000	21	SU0901525189	51.026001, -1.8728325	seed_mix	Yes	No	Yes	No	Above_median	Above_median	0.59370024557224
GF350	NA	ThropeManor_3	Q13	2000	21	SU0901525189	51.026001, -1.8728325	seed_mix	Yes	No	Yes	No	Above_median	Above_median	0.624661403333733
GF351	42	MannorFmBroadChalke	Q1	2010	11	SU0468023121	51.007455, -1.9346701	Green_hay_bush	No	No	Yes	No	Above_median	Below_median	0.747071314031516
GF352	NA	MannorFmBroadChalke	Q4	2010	11	SU0468023121	51.007455, -1.9346701	Green_hay_bush	No	No	Yes	No	Above_median	Below_median	0.678377344641519
GF353	NA	MannorFmBroadChalke	Q7	2010	11	SU0468023121	51.007455, -1.9346701	Green_hay_bush	No	No	Yes	No	Above_median	Below_median	0.546022158952159
GF354	NA	MannorFmBroadChalke	Q10	2010	11	SU0468023121	51.007455, -1.9346701	Green_hay_bush	No	No	Yes	No	Above_median	Below_median	0.485159922618944
GF355	NA	MannorFmBroadChalke	Q13	2010	11	SU0468023121	51.007455, -1.9346701	Green_hay_bush	No	No	Yes	No	Above_median	Below_median	0.731122596933647
GF356	43	BigleyFm_1	Q1	2014	7	ST9798720966	50.988091, -2.0300532	seed_mix	Yes	Yes	Yes	Yes	Above_median	Below_median	0.643098605894461
GF357	NA	BigleyFm_1	Q4	2014	7	ST9798720966	50.988091, -2.0300532	seed_mix	Yes	Yes	Yes	Yes	Above_median	Below_median	0.675213301173487
GF358	NA	BigleyFm_1	Q7	2014	7	ST9798720966	50.988091, -2.0300532	seed_mix	Yes	Yes	Yes	Yes	Above_median	Below_median	0.666666878606911
GF359	NA	BigleyFm_1	Q10	2014	7	ST9798720966	50.988091, -2.0300532	seed_mix	Yes	Yes	Yes	Yes	Above_median	Below_median	0.524881493326528
GF360	NA	BigleyFm_1	Q13	2014	7	ST9798720966	50.988091, -2.0300532	seed_mix	Yes	Yes	Yes	Yes	Above_median	Below_median	0.581902369963106
GF361	44	BigleyFm_2	Q1	2017	4	ST9796821801	50.9956, -2.0303288	seed_mix	Yes	Yes	Yes	Yes	Below_median	Below_median	0.701993857862012
GF362	NA	BigleyFm_2	Q4	2017	4	ST9796821801	50.9956, -2.0303288	seed_mix	Yes	Yes	Yes	Yes	Below_median	Below_median	0.713322170749848
GF363	NA	BigleyFm_2	Q7	2017	4	ST9796821801	50.9956, -2.0303288	seed_mix	Yes	Yes	Yes	Yes	Below_median	Below_median	0.699276906919508
GF364	NA	BigleyFm_2	Q10	2017	4	ST9796821801	50.9956, -2.0303288	seed_mix	Yes	Yes	Yes	Yes	Below_median	Below_median	0.649499504599273
GF365	NA	BigleyFm_2	Q13	2017	4	ST9796821801	50.9956, -2.0303288	seed_mix	Yes	Yes	Yes	Yes	Below_median	Below_median	0.704076328401069
GF366	45	NorringtonMannorFm_1	Q1	2009	12	ST9689721419	50.99216, -2.0455866	seed_mix	No	No	Yes	Yes	Below_median	Below_median	0.536738785160339
GF368	NA	NorringtonMannorFm_1	Q7	2009	12	ST9689721419	50.99216, -2.0455866	seed_mix	No	No	Yes	Yes	Below_median	Below_median	0.460023281860068
GF369	NA	NorringtonMannorFm_1	Q10	2009	12	ST9689721419	50.99216, -2.0455866	seed_mix	No	No	Yes	Yes	Below_median	Below_median	0.531484527793554
GF370	NA	NorringtonMannorFm_1	Q13	2009	12	ST9689721419	50.99216, -2.0455866	seed_mix	No	No	Yes	Yes	Below_median	Below_median	0.685482411901101
GF371	46	NorringtonMannorFm_2	Q1	2009	12	ST9699420390	50.982907, -2.0441957	seed_mix	No	No	Yes	No	Above_median	Below_median	0.738376806796458
GF372	NA	NorringtonMannorFm_2	Q4	2009	12	ST9699420390	50.982907, -2.0441957	seed_mix	No	No	Yes	No	Above_median	Below_median	0.73654021744672
GF373	NA	NorringtonMannorFm_2	Q7	2009	12	ST9699420390	50.982907, -2.0441957	seed_mix	No	No	Yes	No	Above_median	Below_median	0.697494190531856
GF374	NA	NorringtonMannorFm_2	Q10	2009	12	ST9699420390	50.982907, -2.0441957	seed_mix	No	No	Yes	No	Above_median	Below_median	0.723067250010021
GF375	NA	NorringtonMannorFm_2	Q13	2009	12	ST9699420390	50.982907, -2.0441957	seed_mix	No	No	Yes	No	Above_median	Below_median	0.627801421205196
GF376	47	ManorFmBerwickStJohn_1	Q1	2014	7	ST9468023123	51.007466, -2.0772007	seed_mix	Yes	Yes	Yes	No	Below_median	Below_median	0.70926326205301
GF377	NA	ManorFmBerwickStJohn_1	Q4	2014	7	ST9468023123	51.007466, -2.0772007	seed_mix	Yes	Yes	Yes	No	Below_median	Below_median	0.639616845787531
GF378	NA	ManorFmBerwickStJohn_1	Q7	2014	7	ST9468023123	51.007466, -2.0772007	seed_mix	Yes	Yes	Yes	No	Below_median	Below_median	0.474955266566831
GF379	NA	ManorFmBerwickStJohn_1	Q10	2014	7	ST9468023123	51.007466, -2.0772007	seed_mix	Yes	Yes	Yes	No	Below_median	Below_median	0.664055357934338
GF380	NA	ManorFmBerwickStJohn_1	Q13	2014	7	ST9468023123	51.007466, -2.0772007	seed_mix	Yes	Yes	Yes	No	Below_median	Below_median	0.587885284758164
GF381	48	ManorFmBerwickStJohn_3	Q1	2018	3	ST9422022841	51.004926, -2.0837525	seed_mix	Yes	Yes	Yes	No	Above_median	Below_median	0.704901973950557
GF382	NA	ManorFmBerwickStJohn_3	Q4	2018	3	ST9422022841	51.004926, -2.0837525	seed_mix	Yes	Yes	Yes	No	Above_median	Below_median	0.879840999329563
GF383	NA	ManorFmBerwickStJohn_3	Q7	2018	3	ST9422022841	51.004926, -2.0837525	seed_mix	Yes	Yes	Yes	No	Above_median	Below_median	0.670357644828384
GF384	NA	ManorFmBerwickStJohn_3	Q10	2018	3	ST9422022841	51.004926, -2.0837525	seed_mix	Yes	Yes	Yes	No	Above_median	Below_median	0.666863658532379
GF385	NA	ManorFmBerwickStJohn_3	Q13	2018	3	ST9422022841	51.004926, -2.0837525	seed_mix	Yes	Yes	Yes	No	Above_median	Below_median	0.6989271961006
GF386	49	Jemma_1	Q1	2010	11	SU1405276456	51.486882, -1.7990143	Green_hay_bush	Yes	Yes	Yes	No	Above_median	Below_median	0.726626168919962
GF387	NA	Jemma_1	Q4	2010	11	SU1405276456	51.486882, -1.7990143	Green_hay_bush	Yes	Yes	Yes	No	Above_median	Below_median	0.622639538901723
GF389	NA	Jemma_1	Q10	2010	11	SU1405276456	51.486882, -1.7990143	Green_hay_bush	Yes	Yes	Yes	No	Above_median	Below_median	0.509610793052442
GF390	NA	Jemma_1	Q13	2010	11	SU1405276456	51.486882, -1.7990143	Green_hay_bush	Yes	Yes	Yes	No	Above_median	Below_median	0.666965843637057
GF391	50	Jemma_2	Q1	2008	13	SU1194873670	51.46188, -1.8294093	Natural_regen	No	Yes	No	No	Above_median	Below_median	0.64807592903855
GF392	NA	Jemma_2	Q4	2008	13	SU1194873670	51.46188, -1.8294093	Natural_regen	No	Yes	No	No	Above_median	Below_median	0.696237925027838
GF393	NA	Jemma_2	Q7	2008	13	SU1194873670	51.46188, -1.8294093	Natural_regen	No	Yes	No	No	Above_median	Below_median	0.631201456774009
GF394	NA	Jemma_2	Q10	2008	13	SU1194873670	51.46188, -1.8294093	Natural_regen	No	Yes	No	No	Above_median	Below_median	0.660170933141426
GF395	NA	Jemma_2	Q13	2008	13	SU1194873670	51.46188, -1.8294093	Natural_regen	No	Yes	No	No	Above_median	Below_median	0.715239371335955
GF396	51	Jemma_7	Q1	2014	7	SU1641473039	51.456096, -1.7651546	Green_hay_bush	No	No	Yes	Yes	Above_median	Below_median	0.726487170917356
GF397	NA	Jemma_7	Q4	2014	7	SU1641473039	51.456096, -1.7651546	Green_hay_bush	No	No	Yes	Yes	Above_median	Below_median	0.469628570981396
GF398	NA	Jemma_7	Q7	2014	7	SU1641473039	51.456096, -1.7651546	Green_hay_bush	No	No	Yes	Yes	Above_median	Below_median	0.681755480041334
GF399	NA	Jemma_7	Q10	2014	7	SU1641473039	51.456096, -1.7651546	Green_hay_bush	No	No	Yes	Yes	Above_median	Below_median	0.416291321243324
GF400	NA	Jemma_7	Q13	2014	7	SU1641473039	51.456096, -1.7651546	Green_hay_bush	No	No	Yes	Yes	Above_median	Below_median	0.631712836776582
GF401	52	Jemma_4	Q1	2015	6	SU1261971802	51.44507, -1.8198169	Green_hay_bush	Yes	Yes	Yes	No	Below_median	Below_median	0.719863433427716
GF402	NA	Jemma_4	Q4	2015	6	SU1261971802	51.44507, -1.8198169	Green_hay_bush	Yes	Yes	Yes	No	Below_median	Below_median	0.714265596704756
GF403	NA	Jemma_4	Q7	2015	6	SU1261971802	51.44507, -1.8198169	Green_hay_bush	Yes	Yes	Yes	No	Below_median	Below_median	0.681320064098206
GF404	NA	Jemma_4	Q10	2015	6	SU1261971802	51.44507, -1.8198169	Green_hay_bush	Yes	Yes	Yes	No	Below_median	Below_median	0.695693128251606
GF405	NA	Jemma_4	Q13	2015	6	SU1261971802	51.44507, -1.8198169	Green_hay_bush	Yes	Yes	Yes	No	Below_median	Below_median	0.646844422914228
GF406	53	Jemma_5	Q1	2015	6	SU1538172691	51.452995, -1.7800368	seed_mix	Yes	No	Yes	No	Above_median	Below_median	0.862210921496877
GF407	NA	Jemma_5	Q4	2015	6	SU1538172691	51.452995, -1.7800368	seed_mix	Yes	No	Yes	No	Above_median	Below_median	0.745062452846429
GF408	NA	Jemma_5	Q7	2015	6	SU1538172691	51.452995, -1.7800368	seed_mix	Yes	No	Yes	No	Above_median	Below_median	0.691206729857241
GF409	NA	Jemma_5	Q10	2015	6	SU1538172691	51.452995, -1.7800368	seed_mix	Yes	No	Yes	No	Above_median	Below_median	0.790764111366241
GF410	NA	Jemma_5	Q13	2015	6	SU1538172691	51.452995, -1.7800368	seed_mix	Yes	No	Yes	No	Above_median	Below_median	0.590938866139284
GF411	54	Jemma_6	Q1	2013	8	SU1560872573	51.451928, -1.7767752	seed_mix	Yes	No	Yes	No	Above_median	Below_median	0.734613803608963
GF412	NA	Jemma_6	Q4	2013	8	SU1560872573	51.451928, -1.7767752	seed_mix	Yes	No	Yes	No	Above_median	Below_median	0.729786261436006
GF413	NA	Jemma_6	Q7	2013	8	SU1560872573	51.451928, -1.7767752	seed_mix	Yes	No	Yes	No	Above_median	Below_median	0.74446237506694
GF414	NA	Jemma_6	Q10	2013	8	SU1560872573	51.451928, -1.7767752	seed_mix	Yes	No	Yes	No	Above_median	Below_median	0.597134057372489
GF415	NA	Jemma_6	Q13	2013	8	SU1560872573	51.451928, -1.7767752	seed_mix	Yes	No	Yes	No	Above_median	Below_median	0.751870107447121
GF416	55	Jemma_9	Q1	2015	6	SU1669072674	51.452806, -1.7611995	seed_mix	Yes	No	Yes	No	Above_median	Below_median	0.556295664542883
GF417	NA	Jemma_9	Q4	2015	6	SU1669072674	51.452806, -1.7611995	seed_mix	Yes	No	Yes	No	Above_median	Below_median	0.688014438282631
GF418	NA	Jemma_9	Q7	2015	6	SU1669072674	51.452806, -1.7611995	seed_mix	Yes	No	Yes	No	Above_median	Below_median	0.428544727831794
GF419	NA	Jemma_9	Q10	2015	6	SU1669072674	51.452806, -1.7611995	seed_mix	Yes	No	Yes	No	Above_median	Below_median	0.48246705767784
GF420	NA	Jemma_9	Q13	2015	6	SU1669072674	51.452806, -1.7611995	seed_mix	Yes	No	Yes	No	Above_median	Below_median	0.679463854370135
GF421	56	HomeFarm_WoodlandTrust_Hampshire_good_1c	Q1	1994	27	SU6579941829	51.171925, -1.0602025	seed_mix	No	Yes	No	No	Below_median	Above_median	0.66556315965432
GF422	NA	HomeFarm_WoodlandTrust_Hampshire_good_1c	Q4	1994	27	SU6579941829	51.171925, -1.0602025	seed_mix	No	Yes	No	No	Below_median	Above_median	0.623330063706191
GF423	NA	HomeFarm_WoodlandTrust_Hampshire_good_1c	Q7	1994	27	SU6579941829	51.171925, -1.0602025	seed_mix	No	Yes	No	No	Below_median	Above_median	0.633813997653314
GF424	NA	HomeFarm_WoodlandTrust_Hampshire_good_1c	Q10	1994	27	SU6579941829	51.171925, -1.0602025	seed_mix	No	Yes	No	No	Below_median	Above_median	0.599587236142765
GF425	NA	HomeFarm_WoodlandTrust_Hampshire_good_1c	Q13	1994	27	SU6579941829	51.171925, -1.0602025	seed_mix	No	Yes	No	No	Below_median	Above_median	0.639845785113305
GF426	57	Crux_easton_70b1	Q1	2000	21	SU4192556251	51.303843, -1.3999827	seed_mix	No	No	Yes	Yes	Below_median	Above_median	0.849228402035267
GF427	NA	Crux_easton_70b1	Q4	2000	21	SU4192556251	51.303843, -1.3999827	seed_mix	No	No	Yes	Yes	Below_median	Above_median	0.733576011478528
GF428	NA	Crux_easton_70b1	Q7	2000	21	SU4192556251	51.303843, -1.3999827	seed_mix	No	No	Yes	Yes	Below_median	Above_median	0.762206088255531
GF429	NA	Crux_easton_70b1	Q10	2000	21	SU4192556251	51.303843, -1.3999827	seed_mix	No	No	Yes	Yes	Below_median	Above_median	0.443450387427033
GF430	NA	Crux_easton_70b1	Q13	2000	21	SU4192556251	51.303843, -1.3999827	seed_mix	No	No	Yes	Yes	Below_median	Above_median	0.750194076790863
GF431	58	Crux_easton_70b2	Q1	2002	19	SU4195056550	51.306529, -1.399589	seed_mix	Yes	No	Yes	No	Above_median	Above_median	0.735418094981525
GF432	NA	Crux_easton_70b2	Q4	2002	19	SU4195056550	51.306529, -1.399589	seed_mix	Yes	No	Yes	No	Above_median	Above_median	0.888067614168387
GF433	NA	Crux_easton_70b2	Q7	2002	19	SU4195056550	51.306529, -1.399589	seed_mix	Yes	No	Yes	No	Above_median	Above_median	0.848463192905844
GF434	NA	Crux_easton_70b2	Q10	2002	19	SU4195056550	51.306529, -1.399589	seed_mix	Yes	No	Yes	No	Above_median	Above_median	0.710701127185084
GF435	NA	Crux_easton_70b2	Q13	2002	19	SU4195056550	51.306529, -1.399589	seed_mix	Yes	No	Yes	No	Above_median	Above_median	0.805434599649257
GF436	59	Martin_Down_arabel_reversion	Q1	1957	64	SU0390520162	50.980853, -1.9457471	Natural_regen	No	No	Yes	Yes	Above_median	Above_median	0.495820909934314
GF437	NA	Martin_Down_arabel_reversion	Q4	1957	64	SU0390520162	50.980853, -1.9457471	Natural_regen	No	No	Yes	Yes	Above_median	Above_median	0.686059848034791
GF438	NA	Martin_Down_arabel_reversion	Q7	1957	64	SU0390520162	50.980853, -1.9457471	Natural_regen	No	No	Yes	Yes	Above_median	Above_median	0.737775970507647
GF439	NA	Martin_Down_arabel_reversion	Q10	1957	64	SU0390520162	50.980853, -1.9457471	Natural_regen	No	No	Yes	Yes	Above_median	Above_median	0.690796623917568
GF440	NA	Martin_Down_arabel_reversion	Q13	1957	64	SU0390520162	50.980853, -1.9457471	Natural_regen	No	No	Yes	Yes	Above_median	Above_median	0.722849896156754
GF441	60	Parsonage_down_reversion	Q1	1945	76	SU0610341686	51.174381, -1.9140803	Natural_regen	No	Yes	No	Yes	Above_median	Above_median	0.681363843780434
GF442	NA	Parsonage_down_reversion	Q4	1945	76	SU0610341686	51.174381, -1.9140803	Natural_regen	No	Yes	No	Yes	Above_median	Above_median	0.52146981173101
GF443	NA	Parsonage_down_reversion	Q7	1945	76	SU0610341686	51.174381, -1.9140803	Natural_regen	No	Yes	No	Yes	Above_median	Above_median	0.692543445515733
GF444	NA	Parsonage_down_reversion	Q10	1945	76	SU0610341686	51.174381, -1.9140803	Natural_regen	No	Yes	No	Yes	Above_median	Above_median	0.774867663471727
GF445	NA	Parsonage_down_reversion	Q13	1945	76	SU0610341686	51.174381, -1.9140803	Natural_regen	No	Yes	No	Yes	Above_median	Above_median	0.687708290110527
GF447	NA	TARGET_MartinDown	Q4	old	>100	SU0558918665	50.967378, -1.9217813	Natural_regen	No	No	Yes	No	Above_median	Above_median	0.472180141461517
GF448	NA	TARGET_MartinDown	Q7	old	>100	SU0558918665	50.967378, -1.9217813	Natural_regen	No	No	Yes	No	Above_median	Above_median	0.754585008386173
GF449	NA	TARGET_MartinDown	Q10	old	>100	SU0558918665	50.967378, -1.9217813	Natural_regen	No	No	Yes	No	Above_median	Above_median	0.718746402941143
GF450	NA	TARGET_MartinDown	Q13	old	>100	SU0558918665	50.967378, -1.9217813	Natural_regen	No	No	Yes	No	Above_median	Above_median	0.685931781744711
GF451	62	TARGET_St_Catherines	Q1	old	>100	SU4832527522	51.045025, -1.3120365	Natural_regen	No	No	Yes	No	Above_median	Above_median	0.561901186793186
GF452	NA	TARGET_St_Catherines	Q4	old	>100	SU4832527522	51.045025, -1.3120365	Natural_regen	No	No	Yes	No	Above_median	Above_median	0.722152627672792
GF453	NA	TARGET_St_Catherines	Q7	old	>100	SU4832527522	51.045025, -1.3120365	Natural_regen	No	No	Yes	No	Above_median	Above_median	0.723879669063404
GF454	NA	TARGET_St_Catherines	Q10	old	>100	SU4832527522	51.045025, -1.3120365	Natural_regen	No	No	Yes	No	Above_median	Above_median	0.728982122368622
GF455	NA	TARGET_St_Catherines	Q13	old	>100	SU4832527522	51.045025, -1.3120365	Natural_regen	No	No	Yes	No	Above_median	Above_median	0.741142269610621
GF456	63	TARGET_ParsonageDown	Q1	old	>100	SU0552141345	51.17132, -1.9224106	Natural_regen	No	No	Yes	No	Above_median	Above_median	0.672121897873082
GF457	NA	TARGET_ParsonageDown	Q4	old	>100	SU0552141345	51.17132, -1.9224106	Natural_regen	No	No	Yes	No	Above_median	Above_median	0.636399589920136
GF458	NA	TARGET_ParsonageDown	Q7	old	>100	SU0552141345	51.17132, -1.9224106	Natural_regen	No	No	Yes	No	Above_median	Above_median	0.692337830795393
GF459	NA	TARGET_ParsonageDown	Q10	old	>100	SU0552141345	51.17132, -1.9224106	Natural_regen	No	No	Yes	No	Above_median	Above_median	0.602829564443754
GF460	NA	TARGET_ParsonageDown	Q13	old	>100	SU0552141345	51.17132, -1.9224106	Natural_regen	No	No	Yes	No	Above_median	Above_median	0.636876320126658
GF461	64	TARGET_KNEPP_A New_Barn_Field	Q1	2006	15	TQ1420019600	50.964513, -0.3751305	Natural_regen	No	Yes	No	NA	Below_median	Above_median	0.458227715371091
GF462	NA	TARGET_KNEPP_A New_Barn_Field	Q4	2006	15	TQ1420019600	50.964513, -0.3751305	Natural_regen	No	Yes	No	NA	Below_median	Above_median	0.710159938819166
GF463	NA	TARGET_KNEPP_A New_Barn_Field	Q7	2006	15	TQ1420019600	50.964513, -0.3751305	Natural_regen	No	Yes	No	NA	Below_median	Above_median	0.78687811482819
GF464	NA	TARGET_KNEPP_A New_Barn_Field	Q10	2006	15	TQ1420019600	50.964513, -0.3751305	Natural_regen	No	Yes	No	NA	Below_median	Above_median	0.662330085519869
GF465	NA	TARGET_KNEPP_A New_Barn_Field	Q13	2006	15	TQ1420019600	50.964513, -0.3751305	Natural_regen	No	Yes	No	NA	Below_median	Above_median	0.421409179594427
GF466	65	Knepp_Pond_field	Q1	2003	18	TQ1410019300	50.961836, -0.3766479	Natural_regen	No	Yes	No	NA	Below_median	Above_median	0.520532674905304
GF467	NA	Knepp_Pond_field	Q4	2003	18	TQ1410019300	50.961836, -0.3766479	Natural_regen	No	Yes	No	NA	Below_median	Above_median	0.568607419208099
GF468	NA	Knepp_Pond_field	Q7	2003	18	TQ1410019300	50.961836, -0.3766479	Natural_regen	No	Yes	No	NA	Below_median	Above_median	0.451065222872715
GF469	NA	Knepp_Pond_field	Q10	2003	18	TQ1410019300	50.961836, -0.3766479	Natural_regen	No	Yes	No	NA	Below_median	Above_median	0.752524587915997
GF470	NA	Knepp_Pond_field	Q13	2003	18	TQ1410019300	50.961836, -0.3766479	Natural_regen	No	Yes	No	NA	Below_median	Above_median	0.581398270542546
GF471	66	Knepp_Benton_field	Q1	2005	16	TQ1450019800	50.966251, -0.37079737	Natural_regen	No	Yes	No	NA	Below_median	Above_median	0.704149706690202
GF472	NA	Knepp_Benton_field	Q4	2005	16	TQ1450019800	50.966251, -0.37079737	Natural_regen	No	Yes	No	NA	Below_median	Above_median	0.691831695632935
GF473	NA	Knepp_Benton_field	Q7	2005	16	TQ1450019800	50.966251, -0.37079737	Natural_regen	No	Yes	No	NA	Below_median	Above_median	0.512762303073194
GF474	NA	Knepp_Benton_field	Q10	2005	16	TQ1450019800	50.966251, -0.37079737	Natural_regen	No	Yes	No	NA	Below_median	Above_median	0.733604894179947
GF475	NA	Knepp_Benton_field	Q13	2005	16	TQ1450019800	50.966251, -0.37079737	Natural_regen	No	Yes	No	NA	Below_median	Above_median	0.728250247787342
